Aufgabe-ID;Navigationsaufgabe;Teilaufgabe;Szenario;Aufgabenstellung;Amtliches Ergebnis;Hinweis;Stand;Quelle
NAV-01-01;1;1;"Ein Sportboot befindet sich am 05.05.2012 in der Deutschen Bucht auf der Reise von Borkum nach Cuxhaven. Die Fahrt über Grund beträgt 8 kn. Um 10:00 Uhr wird die Leuchttonne ""TG19/Weser 2"" nahebei passiert. Von dieser Tonne wird der Kurs auf die Ansteuerungstonne der alten Weser ""ST"" abgesetzt.";Wie lautet der rwK?;rwk = 079°;*) Auf Basis des gemäß Verkehrsblatt vom 15.01.2013 geänderten Ergebnisses zu Frage 1 (rwK = 079°) wird der Magnetkompasskurs unter Berücksichtigung einer Ablenkung von +4° und der laut zugehörigem Kartenausschnitt des Fragebogens Nummer 1 angegebenen Missweisung von +1° ermittelt. Demnach lautet der MgK tatsächlich: 074°;01. August 2023;https://www.elwis.de/DE/Sportschifffahrt/Sportbootfuehrerscheine/Fragenkatalog-See/Navigationsaufgaben/Navigationsaufgabe-01/Navigationsaufgabe-01-node.html
NAV-01-02;1;2;"Ein Sportboot befindet sich am 05.05.2012 in der Deutschen Bucht auf der Reise von Borkum nach Cuxhaven. Die Fahrt über Grund beträgt 8 kn. Um 10:00 Uhr wird die Leuchttonne ""TG19/Weser 2"" nahebei passiert. Von dieser Tonne wird der Kurs auf die Ansteuerungstonne der alten Weser ""ST"" abgesetzt.";Die Ablenkung beträgt +4°, die Mw ist der Seekarte zu entnehmen. Wie lautet der MgK?;MgK = 074° *);*) Auf Basis des gemäß Verkehrsblatt vom 15.01.2013 geänderten Ergebnisses zu Frage 1 (rwK = 079°) wird der Magnetkompasskurs unter Berücksichtigung einer Ablenkung von +4° und der laut zugehörigem Kartenausschnitt des Fragebogens Nummer 1 angegebenen Missweisung von +1° ermittelt. Demnach lautet der MgK tatsächlich: 074°;01. August 2023;https://www.elwis.de/DE/Sportschifffahrt/Sportbootfuehrerscheine/Fragenkatalog-See/Navigationsaufgaben/Navigationsaufgabe-01/Navigationsaufgabe-01-node.html
NAV-01-03;1;3;"Ein Sportboot befindet sich am 05.05.2012 in der Deutschen Bucht auf der Reise von Borkum nach Cuxhaven. Die Fahrt über Grund beträgt 8 kn. Um 10:00 Uhr wird die Leuchttonne ""TG19/Weser 2"" nahebei passiert. Von dieser Tonne wird der Kurs auf die Ansteuerungstonne der alten Weser ""ST"" abgesetzt.";"Wie groß ist die Distanz zwischen der Tonne ""TG19/Weser 2"" und der Tonne ""ST""?";6,1 sm;*) Auf Basis des gemäß Verkehrsblatt vom 15.01.2013 geänderten Ergebnisses zu Frage 1 (rwK = 079°) wird der Magnetkompasskurs unter Berücksichtigung einer Ablenkung von +4° und der laut zugehörigem Kartenausschnitt des Fragebogens Nummer 1 angegebenen Missweisung von +1° ermittelt. Demnach lautet der MgK tatsächlich: 074°;01. August 2023;https://www.elwis.de/DE/Sportschifffahrt/Sportbootfuehrerscheine/Fragenkatalog-See/Navigationsaufgaben/Navigationsaufgabe-01/Navigationsaufgabe-01-node.html
NAV-01-04;1;4;"Ein Sportboot befindet sich am 05.05.2012 in der Deutschen Bucht auf der Reise von Borkum nach Cuxhaven. Die Fahrt über Grund beträgt 8 kn. Um 10:00 Uhr wird die Leuchttonne ""TG19/Weser 2"" nahebei passiert. Von dieser Tonne wird der Kurs auf die Ansteuerungstonne der alten Weser ""ST"" abgesetzt.";"In welcher Zeit wird die Distanz zwischen der Tonne ""TG19/Weser 2"" und der Tonne ""ST"" zurückgelegt?";"45,75 min., also 46 min. oder ""in einer 3/4 Stunde""";*) Auf Basis des gemäß Verkehrsblatt vom 15.01.2013 geänderten Ergebnisses zu Frage 1 (rwK = 079°) wird der Magnetkompasskurs unter Berücksichtigung einer Ablenkung von +4° und der laut zugehörigem Kartenausschnitt des Fragebogens Nummer 1 angegebenen Missweisung von +1° ermittelt. Demnach lautet der MgK tatsächlich: 074°;01. August 2023;https://www.elwis.de/DE/Sportschifffahrt/Sportbootfuehrerscheine/Fragenkatalog-See/Navigationsaufgaben/Navigationsaufgabe-01/Navigationsaufgabe-01-node.html
NAV-01-05;1;5;"Ein Sportboot befindet sich am 05.05.2012 in der Deutschen Bucht auf der Reise von Borkum nach Cuxhaven. Die Fahrt über Grund beträgt 8 kn. Um 10:00 Uhr wird die Leuchttonne ""TG19/Weser 2"" nahebei passiert. Von dieser Tonne wird der Kurs auf die Ansteuerungstonne der alten Weser ""ST"" abgesetzt.";Auf welcher Position befindet sich das Schiff nach Koppelort um 10:30 Uhr?;53° 55,8' N 007° 51,3' E;*) Auf Basis des gemäß Verkehrsblatt vom 15.01.2013 geänderten Ergebnisses zu Frage 1 (rwK = 079°) wird der Magnetkompasskurs unter Berücksichtigung einer Ablenkung von +4° und der laut zugehörigem Kartenausschnitt des Fragebogens Nummer 1 angegebenen Missweisung von +1° ermittelt. Demnach lautet der MgK tatsächlich: 074°;01. August 2023;https://www.elwis.de/DE/Sportschifffahrt/Sportbootfuehrerscheine/Fragenkatalog-See/Navigationsaufgaben/Navigationsaufgabe-01/Navigationsaufgabe-01-node.html
NAV-01-06;1;6;"Ein Sportboot befindet sich am 05.05.2012 in der Deutschen Bucht auf der Reise von Borkum nach Cuxhaven. Die Fahrt über Grund beträgt 8 kn. Um 10:00 Uhr wird die Leuchttonne ""TG19/Weser 2"" nahebei passiert. Von dieser Tonne wird der Kurs auf die Ansteuerungstonne der alten Weser ""ST"" abgesetzt.";"Um 10:30 Uhr werden nachfolgende Schifffahrtszeichen mit den Hand-Peilkompass gepeilt. Die Ablenkung beträgt dabei 0°, die Mw ist der Seekarte zu entnehmen. Neue Weser, Leuchttonne ""4a"", MgP = 169° Alte Weser, Leuchttonne ""ST"", MgP = 064°. Wie lauten die rw-Peilungen?";"Leuchttonne ""4a"" rwP = 170° Leuchttonne ""ST"" rwP = 065°";*) Auf Basis des gemäß Verkehrsblatt vom 15.01.2013 geänderten Ergebnisses zu Frage 1 (rwK = 079°) wird der Magnetkompasskurs unter Berücksichtigung einer Ablenkung von +4° und der laut zugehörigem Kartenausschnitt des Fragebogens Nummer 1 angegebenen Missweisung von +1° ermittelt. Demnach lautet der MgK tatsächlich: 074°;01. August 2023;https://www.elwis.de/DE/Sportschifffahrt/Sportbootfuehrerscheine/Fragenkatalog-See/Navigationsaufgaben/Navigationsaufgabe-01/Navigationsaufgabe-01-node.html
NAV-01-07;1;7;"Ein Sportboot befindet sich am 05.05.2012 in der Deutschen Bucht auf der Reise von Borkum nach Cuxhaven. Die Fahrt über Grund beträgt 8 kn. Um 10:00 Uhr wird die Leuchttonne ""TG19/Weser 2"" nahebei passiert. Von dieser Tonne wird der Kurs auf die Ansteuerungstonne der alten Weser ""ST"" abgesetzt.";Tragen Sie die rechtweisenden Peilungen in die Seekarte ein.;Siehe Karte;*) Auf Basis des gemäß Verkehrsblatt vom 15.01.2013 geänderten Ergebnisses zu Frage 1 (rwK = 079°) wird der Magnetkompasskurs unter Berücksichtigung einer Ablenkung von +4° und der laut zugehörigem Kartenausschnitt des Fragebogens Nummer 1 angegebenen Missweisung von +1° ermittelt. Demnach lautet der MgK tatsächlich: 074°;01. August 2023;https://www.elwis.de/DE/Sportschifffahrt/Sportbootfuehrerscheine/Fragenkatalog-See/Navigationsaufgaben/Navigationsaufgabe-01/Navigationsaufgabe-01-node.html
NAV-01-08;1;8;"Ein Sportboot befindet sich am 05.05.2012 in der Deutschen Bucht auf der Reise von Borkum nach Cuxhaven. Die Fahrt über Grund beträgt 8 kn. Um 10:00 Uhr wird die Leuchttonne ""TG19/Weser 2"" nahebei passiert. Von dieser Tonne wird der Kurs auf die Ansteuerungstonne der alten Weser ""ST"" abgesetzt.";Wie lautet die Besteckversetzung?;BV = 103° - 0,8 sm;*) Auf Basis des gemäß Verkehrsblatt vom 15.01.2013 geänderten Ergebnisses zu Frage 1 (rwK = 079°) wird der Magnetkompasskurs unter Berücksichtigung einer Ablenkung von +4° und der laut zugehörigem Kartenausschnitt des Fragebogens Nummer 1 angegebenen Missweisung von +1° ermittelt. Demnach lautet der MgK tatsächlich: 074°;01. August 2023;https://www.elwis.de/DE/Sportschifffahrt/Sportbootfuehrerscheine/Fragenkatalog-See/Navigationsaufgaben/Navigationsaufgabe-01/Navigationsaufgabe-01-node.html
NAV-01-09;1;9;"Ein Sportboot befindet sich am 05.05.2012 in der Deutschen Bucht auf der Reise von Borkum nach Cuxhaven. Die Fahrt über Grund beträgt 8 kn. Um 10:00 Uhr wird die Leuchttonne ""TG19/Weser 2"" nahebei passiert. Von dieser Tonne wird der Kurs auf die Ansteuerungstonne der alten Weser ""ST"" abgesetzt.";"Beschreiben Sie Farbe, Kennung und Toppzeichen der Leuchttonne ""ST"".";Farbe: rot/weiß senkrecht gestreift Kennung: weißes Gleichtaktfeuer mit 8 Sekunden Wiederkehr Toppzeichen: roter Ball;*) Auf Basis des gemäß Verkehrsblatt vom 15.01.2013 geänderten Ergebnisses zu Frage 1 (rwK = 079°) wird der Magnetkompasskurs unter Berücksichtigung einer Ablenkung von +4° und der laut zugehörigem Kartenausschnitt des Fragebogens Nummer 1 angegebenen Missweisung von +1° ermittelt. Demnach lautet der MgK tatsächlich: 074°;01. August 2023;https://www.elwis.de/DE/Sportschifffahrt/Sportbootfuehrerscheine/Fragenkatalog-See/Navigationsaufgaben/Navigationsaufgabe-01/Navigationsaufgabe-01-node.html
NAV-02-01;2;1;"Ein Sportboot befindet sich am 10.06.2011 in der Deutschen Bucht auf der Reise von Helgoland nach Cuxhaven. Die Fahrt über Grund beträgt 10 kn. Um 11:00 Uhr wird 1,2 sm südlich von Helgoland die Tonne ""Helgoland-O"" nahebei passiert.";Entnehmen Sie der Seekarte die geographische Position des Sportbootes um 11:00 Uhr.;54° 09,0' N 007° 53,5' E;;01. August 2023;https://www.elwis.de/DE/Sportschifffahrt/Sportbootfuehrerscheine/Fragenkatalog-See/Navigationsaufgaben/Navigationsaufgabe-02/Navigationsaufgabe-02-node.html
NAV-02-02;2;2;"Ein Sportboot befindet sich am 10.06.2011 in der Deutschen Bucht auf der Reise von Helgoland nach Cuxhaven. Die Fahrt über Grund beträgt 10 kn. Um 11:00 Uhr wird 1,2 sm südlich von Helgoland die Tonne ""Helgoland-O"" nahebei passiert.";"Im Abstand von ca. 0,6 sm südwestlich der Tonne ""Helgoland-O"" befindet sich eine Eintragung. Was bedeutet diese Eintragung in der Seekarte?";Wrack, Kartentiefe 53,6 m;;01. August 2023;https://www.elwis.de/DE/Sportschifffahrt/Sportbootfuehrerscheine/Fragenkatalog-See/Navigationsaufgaben/Navigationsaufgabe-02/Navigationsaufgabe-02-node.html
NAV-02-03;2;3;"Ein Sportboot befindet sich am 10.06.2011 in der Deutschen Bucht auf der Reise von Helgoland nach Cuxhaven. Die Fahrt über Grund beträgt 10 kn. Um 11:00 Uhr wird 1,2 sm südlich von Helgoland die Tonne ""Helgoland-O"" nahebei passiert.";"Von der Tonne ""Helgoland-O"" aus wird ein MgK von 116° gesteuert. Die Ablenkung beträgt +3°, die Mw ist der Seekarte zu entnehmen. Wie lautet der rwK?";rwK = 120°;;01. August 2023;https://www.elwis.de/DE/Sportschifffahrt/Sportbootfuehrerscheine/Fragenkatalog-See/Navigationsaufgaben/Navigationsaufgabe-02/Navigationsaufgabe-02-node.html
NAV-02-04;2;4;"Ein Sportboot befindet sich am 10.06.2011 in der Deutschen Bucht auf der Reise von Helgoland nach Cuxhaven. Die Fahrt über Grund beträgt 10 kn. Um 11:00 Uhr wird 1,2 sm südlich von Helgoland die Tonne ""Helgoland-O"" nahebei passiert.";Tragen Sie den rechtweisenden Kurs in die Seekarte ein.;Siehe Karte;;01. August 2023;https://www.elwis.de/DE/Sportschifffahrt/Sportbootfuehrerscheine/Fragenkatalog-See/Navigationsaufgaben/Navigationsaufgabe-02/Navigationsaufgabe-02-node.html
NAV-02-05;2;5;"Ein Sportboot befindet sich am 10.06.2011 in der Deutschen Bucht auf der Reise von Helgoland nach Cuxhaven. Die Fahrt über Grund beträgt 10 kn. Um 11:00 Uhr wird 1,2 sm südlich von Helgoland die Tonne ""Helgoland-O"" nahebei passiert.";"Nach 11,1 sm Distanz wird die Tonne ""Außenelbe-Reede 4"" nahebei passiert. Beschreiben Sie Farbe, Kennung und Toppzeichen des Schifffahrtszeichens.";Farbe: gelb Kennung: gelbes Blitzfeuer mit 4 Sekunden Wiederkehr Toppzeichen: keines;;01. August 2023;https://www.elwis.de/DE/Sportschifffahrt/Sportbootfuehrerscheine/Fragenkatalog-See/Navigationsaufgaben/Navigationsaufgabe-02/Navigationsaufgabe-02-node.html
NAV-02-06;2;6;"Ein Sportboot befindet sich am 10.06.2011 in der Deutschen Bucht auf der Reise von Helgoland nach Cuxhaven. Die Fahrt über Grund beträgt 10 kn. Um 11:00 Uhr wird 1,2 sm südlich von Helgoland die Tonne ""Helgoland-O"" nahebei passiert.";In welcher Zeit wird die in Frage 5 genannte Distanz zurückgelegt?;67 min.;;01. August 2023;https://www.elwis.de/DE/Sportschifffahrt/Sportbootfuehrerscheine/Fragenkatalog-See/Navigationsaufgaben/Navigationsaufgabe-02/Navigationsaufgabe-02-node.html
NAV-02-07;2;7;"Ein Sportboot befindet sich am 10.06.2011 in der Deutschen Bucht auf der Reise von Helgoland nach Cuxhaven. Die Fahrt über Grund beträgt 10 kn. Um 11:00 Uhr wird 1,2 sm südlich von Helgoland die Tonne ""Helgoland-O"" nahebei passiert.";Auf welcher Position befindet sich das Schiff nach Koppelort um 11:54 Uhr?;54° 04,5' N 008° 06,7' E;;01. August 2023;https://www.elwis.de/DE/Sportschifffahrt/Sportbootfuehrerscheine/Fragenkatalog-See/Navigationsaufgaben/Navigationsaufgabe-02/Navigationsaufgabe-02-node.html
NAV-02-08;2;8;"Ein Sportboot befindet sich am 10.06.2011 in der Deutschen Bucht auf der Reise von Helgoland nach Cuxhaven. Die Fahrt über Grund beträgt 10 kn. Um 11:00 Uhr wird 1,2 sm südlich von Helgoland die Tonne ""Helgoland-O"" nahebei passiert.";"Um 11:54 Uhr wird die Leuchttonne ""Außenelbe-Reede 4"" mit den Hand-Peilkompass gepeilt: MgP = 146°. Die Ablenkung beträgt 0°, die Mw ist der Seekarte zu entnehmen. Wie lautet die rw-Peilung?";rwP = 147°;;01. August 2023;https://www.elwis.de/DE/Sportschifffahrt/Sportbootfuehrerscheine/Fragenkatalog-See/Navigationsaufgaben/Navigationsaufgabe-02/Navigationsaufgabe-02-node.html
NAV-02-09;2;9;"Ein Sportboot befindet sich am 10.06.2011 in der Deutschen Bucht auf der Reise von Helgoland nach Cuxhaven. Die Fahrt über Grund beträgt 10 kn. Um 11:00 Uhr wird 1,2 sm südlich von Helgoland die Tonne ""Helgoland-O"" nahebei passiert.";Das Schiff befindet sich zeitgleich zur Peilung auf der 20-Meter-Linie. Wie lautet die Besteckversetzung?;BV = 007° - 1,6 sm;;01. August 2023;https://www.elwis.de/DE/Sportschifffahrt/Sportbootfuehrerscheine/Fragenkatalog-See/Navigationsaufgaben/Navigationsaufgabe-02/Navigationsaufgabe-02-node.html
NAV-03-01;3;1;"Ein Sportboot befindet sich am 23.05.2011 in der Deutschen Bucht auf der Fahrt aus der Jade nach Langeoog. Um 13:30 Uhr wird die Tonne ""1b/Jade 1"" nahebei passiert. Die Fahrt über Grund wird mit 6 kn angenommen.";Entnehmen Sie der Seekarte die geographische Position des Sportbootes um 13:30 Uhr.;53° 52,4' N 007° 44,0' E;;01. August 2023;https://www.elwis.de/DE/Sportschifffahrt/Sportbootfuehrerscheine/Fragenkatalog-See/Navigationsaufgaben/Navigationsaufgabe-03/Navigationsaufgabe-03-node.html
NAV-03-02;3;2;"Ein Sportboot befindet sich am 23.05.2011 in der Deutschen Bucht auf der Fahrt aus der Jade nach Langeoog. Um 13:30 Uhr wird die Tonne ""1b/Jade 1"" nahebei passiert. Die Fahrt über Grund wird mit 6 kn angenommen.";"Von dieser Tonne aus wird der Kurs auf die Tonne ""Accumer Ee"" abgesetzt. Tragen Sie den Kurs in die Seekarte ein.";Siehe Karte;;01. August 2023;https://www.elwis.de/DE/Sportschifffahrt/Sportbootfuehrerscheine/Fragenkatalog-See/Navigationsaufgaben/Navigationsaufgabe-03/Navigationsaufgabe-03-node.html
NAV-03-03;3;3;"Ein Sportboot befindet sich am 23.05.2011 in der Deutschen Bucht auf der Fahrt aus der Jade nach Langeoog. Um 13:30 Uhr wird die Tonne ""1b/Jade 1"" nahebei passiert. Die Fahrt über Grund wird mit 6 kn angenommen.";Wie lautet der rwK?;rwK = 240°;;01. August 2023;https://www.elwis.de/DE/Sportschifffahrt/Sportbootfuehrerscheine/Fragenkatalog-See/Navigationsaufgaben/Navigationsaufgabe-03/Navigationsaufgabe-03-node.html
NAV-03-04;3;4;"Ein Sportboot befindet sich am 23.05.2011 in der Deutschen Bucht auf der Fahrt aus der Jade nach Langeoog. Um 13:30 Uhr wird die Tonne ""1b/Jade 1"" nahebei passiert. Die Fahrt über Grund wird mit 6 kn angenommen.";Die Ablenkung beträgt-2°, die Mw ist der Seekarte zu entnehmen. Wie lautet der MgK?;MgK = 242°;;01. August 2023;https://www.elwis.de/DE/Sportschifffahrt/Sportbootfuehrerscheine/Fragenkatalog-See/Navigationsaufgaben/Navigationsaufgabe-03/Navigationsaufgabe-03-node.html
NAV-03-05;3;5;"Ein Sportboot befindet sich am 23.05.2011 in der Deutschen Bucht auf der Fahrt aus der Jade nach Langeoog. Um 13:30 Uhr wird die Tonne ""1b/Jade 1"" nahebei passiert. Die Fahrt über Grund wird mit 6 kn angenommen.";"Wann wird die Tonne ""Accumer Ee"" voraussichtlich erreicht?";15:12 Uhr;;01. August 2023;https://www.elwis.de/DE/Sportschifffahrt/Sportbootfuehrerscheine/Fragenkatalog-See/Navigationsaufgaben/Navigationsaufgabe-03/Navigationsaufgabe-03-node.html
NAV-03-06;3;6;"Ein Sportboot befindet sich am 23.05.2011 in der Deutschen Bucht auf der Fahrt aus der Jade nach Langeoog. Um 13:30 Uhr wird die Tonne ""1b/Jade 1"" nahebei passiert. Die Fahrt über Grund wird mit 6 kn angenommen.";"Auf Position 53° 49,5' N 007° 36,8' E ( ca. 1,9 sm nordwestlich der Ansteuerungstonne ""Otzumer Balje"") finden Sie einen roten Eintrag mit einem ""A"". Was bedeutet diese Eintragung in die Seekarte?";"Position der Gezeitenstromangabe, oder ""Stromraute""";;01. August 2023;https://www.elwis.de/DE/Sportschifffahrt/Sportbootfuehrerscheine/Fragenkatalog-See/Navigationsaufgaben/Navigationsaufgabe-03/Navigationsaufgabe-03-node.html
NAV-03-07;3;7;"Ein Sportboot befindet sich am 23.05.2011 in der Deutschen Bucht auf der Fahrt aus der Jade nach Langeoog. Um 13:30 Uhr wird die Tonne ""1b/Jade 1"" nahebei passiert. Die Fahrt über Grund wird mit 6 kn angenommen.";"Um 14:30 Uhr wird mit dem Peilaufsatz des Magnetkompasses eine Kreuzpeilung durchgeführt. Die Ablenkung für den anliegenden Kurs beträgt-2°, die Mw ist der Seekarte zu entnehmen. Tonne ""TG15"" MgP = 292° Tonne ""TG17/Weser1"" MgP = 347° Tonne ""Accumer Ee"" MgP = 234° Wie lauten die rw-Peilungen?";"Tonne ""TG15"" rwP = 290° Tonne ""TG17/Weser1"" rwP = 345° Tonne ""Accumer Ee"" rwP = 232°";;01. August 2023;https://www.elwis.de/DE/Sportschifffahrt/Sportbootfuehrerscheine/Fragenkatalog-See/Navigationsaufgaben/Navigationsaufgabe-03/Navigationsaufgabe-03-node.html
NAV-03-08;3;8;"Ein Sportboot befindet sich am 23.05.2011 in der Deutschen Bucht auf der Fahrt aus der Jade nach Langeoog. Um 13:30 Uhr wird die Tonne ""1b/Jade 1"" nahebei passiert. Die Fahrt über Grund wird mit 6 kn angenommen.";Tragen Sie die rechtweisenden Peilungen in die Seekarte ein.;Siehe Karte;;01. August 2023;https://www.elwis.de/DE/Sportschifffahrt/Sportbootfuehrerscheine/Fragenkatalog-See/Navigationsaufgaben/Navigationsaufgabe-03/Navigationsaufgabe-03-node.html
NAV-03-09;3;9;"Ein Sportboot befindet sich am 23.05.2011 in der Deutschen Bucht auf der Fahrt aus der Jade nach Langeoog. Um 13:30 Uhr wird die Tonne ""1b/Jade 1"" nahebei passiert. Die Fahrt über Grund wird mit 6 kn angenommen.";"Beschreiben Sie Farbe, Kennung und Toppzeichen der Tonne ""Accumer Ee"".";Farbe: rot-weiß senkrecht gestreift Kennung: weißes Gleichtaktfeuer mit 8 Sekunden Wiederkehr Toppzeichen: roter Ball;;01. August 2023;https://www.elwis.de/DE/Sportschifffahrt/Sportbootfuehrerscheine/Fragenkatalog-See/Navigationsaufgaben/Navigationsaufgabe-03/Navigationsaufgabe-03-node.html
NAV-04-01;4;1;"Ein aus Langeoog auslaufendes Sportboot befindet sich am 18.04.2014 um 09:00 Uhr nahe bei der Tonne ""Accumer Ee"".";Entnehmen Sie der Seekarte die geographische Position des Bootes um 09:00 Uhr.;53° 47,2' N 007° 29,1' E;;01. August 2023;https://www.elwis.de/DE/Sportschifffahrt/Sportbootfuehrerscheine/Fragenkatalog-See/Navigationsaufgaben/Navigationsaufgabe-04/Navigationsaufgabe-04-node.html
NAV-04-02;4;2;"Ein aus Langeoog auslaufendes Sportboot befindet sich am 18.04.2014 um 09:00 Uhr nahe bei der Tonne ""Accumer Ee"".";"Von der Tonne ""Accumer Ee"" aus wird der Kurs auf die Tonne ""Otzumer Balje"" abgesetzt. Tragen Sie den Kurs in die Seekarte ein.";Siehe Karte;;01. August 2023;https://www.elwis.de/DE/Sportschifffahrt/Sportbootfuehrerscheine/Fragenkatalog-See/Navigationsaufgaben/Navigationsaufgabe-04/Navigationsaufgabe-04-node.html
NAV-04-03;4;3;"Ein aus Langeoog auslaufendes Sportboot befindet sich am 18.04.2014 um 09:00 Uhr nahe bei der Tonne ""Accumer Ee"".";Wie lautet der rwK?;rwK = 081°;;01. August 2023;https://www.elwis.de/DE/Sportschifffahrt/Sportbootfuehrerscheine/Fragenkatalog-See/Navigationsaufgaben/Navigationsaufgabe-04/Navigationsaufgabe-04-node.html
NAV-04-04;4;4;"Ein aus Langeoog auslaufendes Sportboot befindet sich am 18.04.2014 um 09:00 Uhr nahe bei der Tonne ""Accumer Ee"".";Die Ablenkung beträgt +7°, die Mw ist der Seekarte zu entnehmen. Wie lautet der MgK?;MgK = 074°;;01. August 2023;https://www.elwis.de/DE/Sportschifffahrt/Sportbootfuehrerscheine/Fragenkatalog-See/Navigationsaufgaben/Navigationsaufgabe-04/Navigationsaufgabe-04-node.html
NAV-04-05;4;5;"Ein aus Langeoog auslaufendes Sportboot befindet sich am 18.04.2014 um 09:00 Uhr nahe bei der Tonne ""Accumer Ee"".";"Beschreiben Sie Farbe, Kennung und Toppzeichen der Tonne ""Otzumer Balje"".";Farbe: rot-weiß senkrecht gestreift Kennung: weißes Gleichtaktfeuer mit 4 Sekunden Wiederkehr Toppzeichen: roter Ball;;01. August 2023;https://www.elwis.de/DE/Sportschifffahrt/Sportbootfuehrerscheine/Fragenkatalog-See/Navigationsaufgaben/Navigationsaufgabe-04/Navigationsaufgabe-04-node.html
NAV-04-06;4;6;"Ein aus Langeoog auslaufendes Sportboot befindet sich am 18.04.2014 um 09:00 Uhr nahe bei der Tonne ""Accumer Ee"".";Es ist 10:00 Uhr. Die durchschnittliche Fahrt über Grund betrug in der letzten Stunde 6 kn. Auf welcher Position befindet sich das Schiff nach Koppelort?;53° 48,2'N 007° 39,2' E;;01. August 2023;https://www.elwis.de/DE/Sportschifffahrt/Sportbootfuehrerscheine/Fragenkatalog-See/Navigationsaufgaben/Navigationsaufgabe-04/Navigationsaufgabe-04-node.html
NAV-04-07;4;7;"Ein aus Langeoog auslaufendes Sportboot befindet sich am 18.04.2014 um 09:00 Uhr nahe bei der Tonne ""Accumer Ee"".";"Sie beschließen über die Otzumer Balje und das Langeooger Wattfahrwasser hinter der Insel zurück zum Hafen zu laufen. ca. 1,2 sm südwestlich der Tonne ""Otzumer Balje"" finden Sie zwei ähnliche Einträge. Was bedeuten diese Eintragungen in der Seekarte?";Wracks mit 3,7 m bzw. 1,4 m Tiefe;;01. August 2023;https://www.elwis.de/DE/Sportschifffahrt/Sportbootfuehrerscheine/Fragenkatalog-See/Navigationsaufgaben/Navigationsaufgabe-04/Navigationsaufgabe-04-node.html
NAV-04-08;4;8;"Ein aus Langeoog auslaufendes Sportboot befindet sich am 18.04.2014 um 09:00 Uhr nahe bei der Tonne ""Accumer Ee"".";"Um 10:15 Uhr peilen Sie mit dem Peilaufsatz am Magnetkompass die westlichste der drei Kirchen auf Spiekeroog in MgP = 110° und die Tonne ""Otzumer Balje"" in MgP = 030°. Die Ablenkung für den anliegenden Kurs beträgt +5°, die Mw ist der Karte zu entnehmen. Wie lauten die rw-Peilungen?";Kirche rwP = 115° Tonne rwp = 035°;;01. August 2023;https://www.elwis.de/DE/Sportschifffahrt/Sportbootfuehrerscheine/Fragenkatalog-See/Navigationsaufgaben/Navigationsaufgabe-04/Navigationsaufgabe-04-node.html
NAV-04-09;4;9;"Ein aus Langeoog auslaufendes Sportboot befindet sich am 18.04.2014 um 09:00 Uhr nahe bei der Tonne ""Accumer Ee"".";Tragen Sie die rechtweisenden Peilungen in die Karte ein.;Siehe Karte;;01. August 2023;https://www.elwis.de/DE/Sportschifffahrt/Sportbootfuehrerscheine/Fragenkatalog-See/Navigationsaufgaben/Navigationsaufgabe-04/Navigationsaufgabe-04-node.html
NAV-05-01;5;1;Ein Motorboot befindet sich am 29.07.2011 in der Küstenverkehrszone und möchte in die Jade einlaufen.;"Zur Standortbestimmung werden um 14:00 Uhr mit dem Peilaufsatz am Magnetkompass die folgenden Objekte gepeilt. Die Ablenkung für den anliegenden Kurs beträgt-4°, die Mw ist der Seekarte zu entnehmen. Wasserturm Langeoog MgP = 225° Tonne ""Otzumer Balje"" MgP = 131° Wie lauten die rw-Peilungen?";Wasserturm rwP = 221° Tonne rwP = 127°;;01. August 2023;https://www.elwis.de/DE/Sportschifffahrt/Sportbootfuehrerscheine/Fragenkatalog-See/Navigationsaufgaben/Navigationsaufgabe-05/Navigationsaufgabe-05-node.html
NAV-05-02;5;2;Ein Motorboot befindet sich am 29.07.2011 in der Küstenverkehrszone und möchte in die Jade einlaufen.;Tragen Sie die rechtweisenden Peilungen in die Seekarte ein.;Siehe Karte;;01. August 2023;https://www.elwis.de/DE/Sportschifffahrt/Sportbootfuehrerscheine/Fragenkatalog-See/Navigationsaufgaben/Navigationsaufgabe-05/Navigationsaufgabe-05-node.html
NAV-05-03;5;3;Ein Motorboot befindet sich am 29.07.2011 in der Küstenverkehrszone und möchte in die Jade einlaufen.;Entnehmen Sie der Seekarte die geographische Position des ermittelten Standortes.;53° 49,7' N 007° 35,8' E;;01. August 2023;https://www.elwis.de/DE/Sportschifffahrt/Sportbootfuehrerscheine/Fragenkatalog-See/Navigationsaufgaben/Navigationsaufgabe-05/Navigationsaufgabe-05-node.html
NAV-05-04;5;4;Ein Motorboot befindet sich am 29.07.2011 in der Küstenverkehrszone und möchte in die Jade einlaufen.;"Von diesem Ort aus wird der Kurs auf die Tonne ""1b/Jade1"" abgesetzt. Tragen Sie den Kurs in die Seekarte ein.";Siehe Karte;;01. August 2023;https://www.elwis.de/DE/Sportschifffahrt/Sportbootfuehrerscheine/Fragenkatalog-See/Navigationsaufgaben/Navigationsaufgabe-05/Navigationsaufgabe-05-node.html
NAV-05-05;5;5;Ein Motorboot befindet sich am 29.07.2011 in der Küstenverkehrszone und möchte in die Jade einlaufen.;Wie lautet der rwK?;rwK = 061°;;01. August 2023;https://www.elwis.de/DE/Sportschifffahrt/Sportbootfuehrerscheine/Fragenkatalog-See/Navigationsaufgaben/Navigationsaufgabe-05/Navigationsaufgabe-05-node.html
NAV-05-06;5;6;Ein Motorboot befindet sich am 29.07.2011 in der Küstenverkehrszone und möchte in die Jade einlaufen.;Die Ablenkung beträgt-2°, die Mw ist der Seekarte zu entnehmen. Wie lautet der MgK?;MgK = 063°;;01. August 2023;https://www.elwis.de/DE/Sportschifffahrt/Sportbootfuehrerscheine/Fragenkatalog-See/Navigationsaufgaben/Navigationsaufgabe-05/Navigationsaufgabe-05-node.html
NAV-05-07;5;7;Ein Motorboot befindet sich am 29.07.2011 in der Küstenverkehrszone und möchte in die Jade einlaufen.;"Das Motorboot macht 11 kn Fahrt über Grund. Zu welcher Uhrzeit wird die Tonne ""1b/Jade1"" voraussichtlich erreicht?";14:30 Uhr;;01. August 2023;https://www.elwis.de/DE/Sportschifffahrt/Sportbootfuehrerscheine/Fragenkatalog-See/Navigationsaufgaben/Navigationsaufgabe-05/Navigationsaufgabe-05-node.html
NAV-05-08;5;8;Ein Motorboot befindet sich am 29.07.2011 in der Küstenverkehrszone und möchte in die Jade einlaufen.;"Beschreiben Sie Farbe, Kennung und Toppzeichen der Tonne ""1b/Jade1"".";Farbe: grün Kennung: grünes unterbrochenes Feuer mit 4 Sekunden Wiederkehr Toppzeichen: keines;;01. August 2023;https://www.elwis.de/DE/Sportschifffahrt/Sportbootfuehrerscheine/Fragenkatalog-See/Navigationsaufgaben/Navigationsaufgabe-05/Navigationsaufgabe-05-node.html
NAV-05-09;5;9;Ein Motorboot befindet sich am 29.07.2011 in der Küstenverkehrszone und möchte in die Jade einlaufen.;Das Motorboot macht weiterhin 11 kn Fahrt über Grund, als um 14:06 Uhr ein Maschinenschaden eintritt. Auf welcher Position befindet sich das Schiff zu diesem Zeitpunkt nach Koppelort?;53° 50,2' N 007° 37,4' E;;01. August 2023;https://www.elwis.de/DE/Sportschifffahrt/Sportbootfuehrerscheine/Fragenkatalog-See/Navigationsaufgaben/Navigationsaufgabe-05/Navigationsaufgabe-05-node.html
NAV-06-01;6;1;"Ein aus der Alten Weser auslaufendes Motorboot befindet sich am 30.06.2012 auf dem Weg in die Elbe und steht um 09:00 Uhr nahebei der Tonne ""A2"".";Entnehmen Sie der Seekarte die geographische Position des Motorbootes.;53° 55,3' N 007° 58,8' E;;01. August 2023;https://www.elwis.de/DE/Sportschifffahrt/Sportbootfuehrerscheine/Fragenkatalog-See/Navigationsaufgaben/Navigationsaufgabe-06/Navigationsaufgabe-06-node.html
NAV-06-02;6;2;"Ein aus der Alten Weser auslaufendes Motorboot befindet sich am 30.06.2012 auf dem Weg in die Elbe und steht um 09:00 Uhr nahebei der Tonne ""A2"".";"Von der Tonne ""A2"" aus setzt das Boot seinen Kurs auf die Tonne ""Westertill-N"" ab. Tragen Sie den Kurs in die Seekarte ein.";Siehe Karte;;01. August 2023;https://www.elwis.de/DE/Sportschifffahrt/Sportbootfuehrerscheine/Fragenkatalog-See/Navigationsaufgaben/Navigationsaufgabe-06/Navigationsaufgabe-06-node.html
NAV-06-03;6;3;"Ein aus der Alten Weser auslaufendes Motorboot befindet sich am 30.06.2012 auf dem Weg in die Elbe und steht um 09:00 Uhr nahebei der Tonne ""A2"".";Wie lautet der rwK?;rwK = 059°;;01. August 2023;https://www.elwis.de/DE/Sportschifffahrt/Sportbootfuehrerscheine/Fragenkatalog-See/Navigationsaufgaben/Navigationsaufgabe-06/Navigationsaufgabe-06-node.html
NAV-06-04;6;4;"Ein aus der Alten Weser auslaufendes Motorboot befindet sich am 30.06.2012 auf dem Weg in die Elbe und steht um 09:00 Uhr nahebei der Tonne ""A2"".";Die Ablenkung beträgt-2°, die Mw ist der Seekarte zu entnehmen. Wie lautet der MgK?;MgK = 060°;;01. August 2023;https://www.elwis.de/DE/Sportschifffahrt/Sportbootfuehrerscheine/Fragenkatalog-See/Navigationsaufgaben/Navigationsaufgabe-06/Navigationsaufgabe-06-node.html
NAV-06-05;6;5;"Ein aus der Alten Weser auslaufendes Motorboot befindet sich am 30.06.2012 auf dem Weg in die Elbe und steht um 09:00 Uhr nahebei der Tonne ""A2"".";"Nach einiger Zeit wird die Tonne ""NGN"" an Backbordseite passiert. Beschreiben Sie Farbe, Kennung und Toppzeichen des Schifffahrtszeichens.";"Farbe: oben schwarz und unten gelb Kennung: weißes schnelles Funkelfeuer Toppzeichen: zwei Kegel-beide ""Spitze oben"" - senkrecht übereinander";;01. August 2023;https://www.elwis.de/DE/Sportschifffahrt/Sportbootfuehrerscheine/Fragenkatalog-See/Navigationsaufgaben/Navigationsaufgabe-06/Navigationsaufgabe-06-node.html
NAV-06-06;6;6;"Ein aus der Alten Weser auslaufendes Motorboot befindet sich am 30.06.2012 auf dem Weg in die Elbe und steht um 09:00 Uhr nahebei der Tonne ""A2"".";"Im weiteren Fahrtverlauf werden mit dem Peilaufsatz am Magnetkompass die folgenden Objekte gepeilt. Die Ablenkung für den anliegenden Kurs beträgt-2°, die Mw ist der Seekarte zu entnehmen. Leuchtturm ""Alte Weser"" MgP = 160° Tonne ""Westertill-N"" MgP = 056° Wie lauten die rw-Peilungen?";Leuchtturm rwP = 159° Tonne rwP = 055°;;01. August 2023;https://www.elwis.de/DE/Sportschifffahrt/Sportbootfuehrerscheine/Fragenkatalog-See/Navigationsaufgaben/Navigationsaufgabe-06/Navigationsaufgabe-06-node.html
NAV-06-07;6;7;"Ein aus der Alten Weser auslaufendes Motorboot befindet sich am 30.06.2012 auf dem Weg in die Elbe und steht um 09:00 Uhr nahebei der Tonne ""A2"".";Tragen Sie die rechtweisenden Peilungen in die Seekarte ein.;Siehe Karte;;01. August 2023;https://www.elwis.de/DE/Sportschifffahrt/Sportbootfuehrerscheine/Fragenkatalog-See/Navigationsaufgaben/Navigationsaufgabe-06/Navigationsaufgabe-06-node.html
NAV-06-08;6;8;"Ein aus der Alten Weser auslaufendes Motorboot befindet sich am 30.06.2012 auf dem Weg in die Elbe und steht um 09:00 Uhr nahebei der Tonne ""A2"".";"Um 09:54 Uhr wird die Tonne ""Westertill-N"" passiert. Wie groß ist die Geschwindigkeit seit 09:00 Uhr?";FüG = 6 kn;;01. August 2023;https://www.elwis.de/DE/Sportschifffahrt/Sportbootfuehrerscheine/Fragenkatalog-See/Navigationsaufgaben/Navigationsaufgabe-06/Navigationsaufgabe-06-node.html
NAV-06-09;6;9;"Ein aus der Alten Weser auslaufendes Motorboot befindet sich am 30.06.2012 auf dem Weg in die Elbe und steht um 09:00 Uhr nahebei der Tonne ""A2"".";"Unmittelbar südlich der Tonne ""Westertill-N"" befindet sich eine Eintragung. Was bedeutet diese Eintragung in der Seekarte?";Kartentiefe 24 m;;01. August 2023;https://www.elwis.de/DE/Sportschifffahrt/Sportbootfuehrerscheine/Fragenkatalog-See/Navigationsaufgaben/Navigationsaufgabe-06/Navigationsaufgabe-06-node.html
NAV-07-01;7;1;"Ein aus der Elbe auslaufendes Motorboot steht am 22.10.2010 um 11:00 Uhr nahebei der Tonne ""Außenelbe-Reede 2"". Die Fahrt über Grund beträgt 8 kn.";Entnehmen Sie der Seekarte die geographische Position des Motorbootes um 11:00 Uhr.;54° 03,5' N 008° 06,9' E;;01. August 2023;https://www.elwis.de/DE/Sportschifffahrt/Sportbootfuehrerscheine/Fragenkatalog-See/Navigationsaufgaben/Navigationsaufgabe-07/Navigationsaufgabe-07-node.html
NAV-07-02;7;2;"Ein aus der Elbe auslaufendes Motorboot steht am 22.10.2010 um 11:00 Uhr nahebei der Tonne ""Außenelbe-Reede 2"". Die Fahrt über Grund beträgt 8 kn.";"Beschreiben Sie Farbe, Kennung und Toppzeichen der Tonne ""Außenelbe-Reede 2"".";Farbe: gelb Kennung: gelbes unterbrochenes Feuer mit 3 Gruppen und der Wiederkehr 12 Sekunden Toppzeichen: keines;;01. August 2023;https://www.elwis.de/DE/Sportschifffahrt/Sportbootfuehrerscheine/Fragenkatalog-See/Navigationsaufgaben/Navigationsaufgabe-07/Navigationsaufgabe-07-node.html
NAV-07-03;7;3;"Ein aus der Elbe auslaufendes Motorboot steht am 22.10.2010 um 11:00 Uhr nahebei der Tonne ""Außenelbe-Reede 2"". Die Fahrt über Grund beträgt 8 kn.";Von der angegebenen Position aus wird am Magnetkompasskurs ein Kurs von 218° gesteuert. Die Ablenkung beträgt-3°, die Mw ist der Seekarte zu entnehmen. Wie lautet der rwK?;rwK = 216°;;01. August 2023;https://www.elwis.de/DE/Sportschifffahrt/Sportbootfuehrerscheine/Fragenkatalog-See/Navigationsaufgaben/Navigationsaufgabe-07/Navigationsaufgabe-07-node.html
NAV-07-04;7;4;"Ein aus der Elbe auslaufendes Motorboot steht am 22.10.2010 um 11:00 Uhr nahebei der Tonne ""Außenelbe-Reede 2"". Die Fahrt über Grund beträgt 8 kn.";Tragen Sie den rechtweisenden Kurs in die Seekarte ein.;Siehe Karte;;01. August 2023;https://www.elwis.de/DE/Sportschifffahrt/Sportbootfuehrerscheine/Fragenkatalog-See/Navigationsaufgaben/Navigationsaufgabe-07/Navigationsaufgabe-07-node.html
NAV-07-05;7;5;"Ein aus der Elbe auslaufendes Motorboot steht am 22.10.2010 um 11:00 Uhr nahebei der Tonne ""Außenelbe-Reede 2"". Die Fahrt über Grund beträgt 8 kn.";"Wann erreichen Sie die Tonne ""NGN""?";11:57 Uhr;;01. August 2023;https://www.elwis.de/DE/Sportschifffahrt/Sportbootfuehrerscheine/Fragenkatalog-See/Navigationsaufgaben/Navigationsaufgabe-07/Navigationsaufgabe-07-node.html
NAV-07-06;7;6;"Ein aus der Elbe auslaufendes Motorboot steht am 22.10.2010 um 11:00 Uhr nahebei der Tonne ""Außenelbe-Reede 2"". Die Fahrt über Grund beträgt 8 kn.";"Welche Bedeutung hat die Tonne ""NGN""?";Nord-Kardinal-Zeichen Zeigt an, dass die Gefahrenstelle nördlich der Tonne sicher umfahren werden kann.;;01. August 2023;https://www.elwis.de/DE/Sportschifffahrt/Sportbootfuehrerscheine/Fragenkatalog-See/Navigationsaufgaben/Navigationsaufgabe-07/Navigationsaufgabe-07-node.html
NAV-07-07;7;7;"Ein aus der Elbe auslaufendes Motorboot steht am 22.10.2010 um 11:00 Uhr nahebei der Tonne ""Außenelbe-Reede 2"". Die Fahrt über Grund beträgt 8 kn.";"Um 12:00 Uhr werden mit dem Hand-Peilkompass folgende Tonnen gepeilt: Tonne ""ST"" MgP = 240° Tonne ""A2"" MgP = 150° Die Ablenkung beträgt 0°, die Mw ist aus der Seekarte zu entnehmen. Wie lauten die rw-Peilungen?";"Tonne ""ST"" rwP = 241° Tonne ""A2"" rwP = 151°";;01. August 2023;https://www.elwis.de/DE/Sportschifffahrt/Sportbootfuehrerscheine/Fragenkatalog-See/Navigationsaufgaben/Navigationsaufgabe-07/Navigationsaufgabe-07-node.html
NAV-07-08;7;8;"Ein aus der Elbe auslaufendes Motorboot steht am 22.10.2010 um 11:00 Uhr nahebei der Tonne ""Außenelbe-Reede 2"". Die Fahrt über Grund beträgt 8 kn.";Tragen Sie die rechtweisenden Peilungen in die Seekarte ein.;Siehe Karte;;01. August 2023;https://www.elwis.de/DE/Sportschifffahrt/Sportbootfuehrerscheine/Fragenkatalog-See/Navigationsaufgaben/Navigationsaufgabe-07/Navigationsaufgabe-07-node.html
NAV-07-09;7;9;"Ein aus der Elbe auslaufendes Motorboot steht am 22.10.2010 um 11:00 Uhr nahebei der Tonne ""Außenelbe-Reede 2"". Die Fahrt über Grund beträgt 8 kn.";Wie lautet die Besteckversetzung?;BV = 273° -1,1 sm;;01. August 2023;https://www.elwis.de/DE/Sportschifffahrt/Sportbootfuehrerscheine/Fragenkatalog-See/Navigationsaufgaben/Navigationsaufgabe-07/Navigationsaufgabe-07-node.html
NAV-08-01;8;1;Ein Motorboot steht am 28.05.2012 um 10:00 Uhr in der Deutschen Bucht. Die Fahrt über Grund wird mit 9 kn angenommen.;"Durch Peilung und Abstandsmessung wird eine Standortbestimmung durchgeführt. Die Tonne ""E2"" wird gepeilt: rwP = 084°, Distanz 1,6 sm. Tragen Sie die rw-Peilung in die Seekarte ein.";Siehe Karte;;01. August 2023;https://www.elwis.de/DE/Sportschifffahrt/Sportbootfuehrerscheine/Fragenkatalog-See/Navigationsaufgaben/Navigationsaufgabe-08/Navigationsaufgabe-08-node.html
NAV-08-02;8;2;Ein Motorboot steht am 28.05.2012 um 10:00 Uhr in der Deutschen Bucht. Die Fahrt über Grund wird mit 9 kn angenommen.;Entnehmen Sie der Seekarte die geographische Position.;54° 07,0' N 007° 41,0' E;;01. August 2023;https://www.elwis.de/DE/Sportschifffahrt/Sportbootfuehrerscheine/Fragenkatalog-See/Navigationsaufgaben/Navigationsaufgabe-08/Navigationsaufgabe-08-node.html
NAV-08-03;8;3;Ein Motorboot steht am 28.05.2012 um 10:00 Uhr in der Deutschen Bucht. Die Fahrt über Grund wird mit 9 kn angenommen.;An dem ermittelten Ort befindet sich ein Eintrag. Was bedeutet diese Eintragung in die Seekarte?;Kartentiefe 37 m;;01. August 2023;https://www.elwis.de/DE/Sportschifffahrt/Sportbootfuehrerscheine/Fragenkatalog-See/Navigationsaufgaben/Navigationsaufgabe-08/Navigationsaufgabe-08-node.html
NAV-08-04;8;4;Ein Motorboot steht am 28.05.2012 um 10:00 Uhr in der Deutschen Bucht. Die Fahrt über Grund wird mit 9 kn angenommen.;Von dem ermittelten Ort wird das Verkehrstrennungsgebiet Jade Approach auf einem rechtweisenden Kurs von 232° angesteuert. Tragen Sie den Kurs in die Seekarte ein.;Siehe Karte;;01. August 2023;https://www.elwis.de/DE/Sportschifffahrt/Sportbootfuehrerscheine/Fragenkatalog-See/Navigationsaufgaben/Navigationsaufgabe-08/Navigationsaufgabe-08-node.html
NAV-08-05;8;5;Ein Motorboot steht am 28.05.2012 um 10:00 Uhr in der Deutschen Bucht. Die Fahrt über Grund wird mit 9 kn angenommen.;Wie groß ist die Distanz zum Verkehrstrennungsgebiet?;3,8 sm;;01. August 2023;https://www.elwis.de/DE/Sportschifffahrt/Sportbootfuehrerscheine/Fragenkatalog-See/Navigationsaufgaben/Navigationsaufgabe-08/Navigationsaufgabe-08-node.html
NAV-08-06;8;6;Ein Motorboot steht am 28.05.2012 um 10:00 Uhr in der Deutschen Bucht. Die Fahrt über Grund wird mit 9 kn angenommen.;Die Ablenkung beträgt +2°, die Mw ist der Seekarte zu entnehmen. Wie lautet der MgK?;MgK = 229°;;01. August 2023;https://www.elwis.de/DE/Sportschifffahrt/Sportbootfuehrerscheine/Fragenkatalog-See/Navigationsaufgaben/Navigationsaufgabe-08/Navigationsaufgabe-08-node.html
NAV-08-07;8;7;Ein Motorboot steht am 28.05.2012 um 10:00 Uhr in der Deutschen Bucht. Die Fahrt über Grund wird mit 9 kn angenommen.;Bei Erreichen des Verkehrstrennungsgebietes Jade Approach wird der Kurs geändert, um das Verkehrstrennungsgebiet rechtwinklig zu queren (Annahme: kein Versatz durch Strom und Wind). Wie lautet der rwK?;rwK = 242°;;01. August 2023;https://www.elwis.de/DE/Sportschifffahrt/Sportbootfuehrerscheine/Fragenkatalog-See/Navigationsaufgaben/Navigationsaufgabe-08/Navigationsaufgabe-08-node.html
NAV-08-08;8;8;Ein Motorboot steht am 28.05.2012 um 10:00 Uhr in der Deutschen Bucht. Die Fahrt über Grund wird mit 9 kn angenommen.;Welcher Zeitraum wird für das Queren des Verkehrstrennungsgebietes Jade Approach voraussichtlich benötigt?;Zeitraum = 20 min.;;01. August 2023;https://www.elwis.de/DE/Sportschifffahrt/Sportbootfuehrerscheine/Fragenkatalog-See/Navigationsaufgaben/Navigationsaufgabe-08/Navigationsaufgabe-08-node.html
NAV-08-09;8;9;Ein Motorboot steht am 28.05.2012 um 10:00 Uhr in der Deutschen Bucht. Die Fahrt über Grund wird mit 9 kn angenommen.;"Nach einiger Zeit wird die Tonne ""TG16/Reede"" querab an Backbord passiert. Beschreiben Sie Farbe, Kennung und Toppzeichen des Schifffahrtszeichens.";Farbe: rot Kennung: rotes unterbrochenes Feuer in 3er Gruppen und einer Wiederkehr von 12 Sekunden Toppzeichen: keines;;01. August 2023;https://www.elwis.de/DE/Sportschifffahrt/Sportbootfuehrerscheine/Fragenkatalog-See/Navigationsaufgaben/Navigationsaufgabe-08/Navigationsaufgabe-08-node.html
NAV-09-01;9;1;"Ein Sportboot befährt am 23.06.2011 nördlich des roten Tonnenstrichs die Elbe seewärts. Gegen 12:00 Uhr wird die Tonne ""14"" nahebei passiert. Die Fahrt über Grund beträgt 5,8 kn.";"Wann erreicht das Boot voraussichtlich die Tonne ""6""?";Gegen 13:00 Uhr;;01. August 2023;https://www.elwis.de/DE/Sportschifffahrt/Sportbootfuehrerscheine/Fragenkatalog-See/Navigationsaufgaben/Navigationsaufgabe-09/Navigationsaufgabe-09-node.html
NAV-09-02;9;2;"Ein Sportboot befährt am 23.06.2011 nördlich des roten Tonnenstrichs die Elbe seewärts. Gegen 12:00 Uhr wird die Tonne ""14"" nahebei passiert. Die Fahrt über Grund beträgt 5,8 kn.";"An der Tonne ""6"" wird das Fahrwasser zügig und ohne die Berufsschifffahrt zu behindern nach Süden gequert. Gut südlich des grünen Tonnenstrichs geht es weiter elbabwärts auf der 5 m Linie, bis gegen 13:50 Uhr Tonne ""1"" an Steuerbord querab ist. Nun wird der rwK 206° auf den Leuchtturm ""Alte Weser"" abgesetzt. Die Ablenkung beträgt +4°, die Mw ist der Seekarte zu entnehmen. Wie lautet der MgK?";MgK = 202°;;01. August 2023;https://www.elwis.de/DE/Sportschifffahrt/Sportbootfuehrerscheine/Fragenkatalog-See/Navigationsaufgaben/Navigationsaufgabe-09/Navigationsaufgabe-09-node.html
NAV-09-03;9;3;"Ein Sportboot befährt am 23.06.2011 nördlich des roten Tonnenstrichs die Elbe seewärts. Gegen 12:00 Uhr wird die Tonne ""14"" nahebei passiert. Die Fahrt über Grund beträgt 5,8 kn.";"Beschreiben Sie das Feuer des Leuchtturms ""Alte Weser"" anhand der Eintragung in der Karte.";Festfeuer in Sektoren in den Farben weiß, rot und grün. Feuerhöhe 33 m, Tragweiten 23 sm bis 18 sm.;;01. August 2023;https://www.elwis.de/DE/Sportschifffahrt/Sportbootfuehrerscheine/Fragenkatalog-See/Navigationsaufgaben/Navigationsaufgabe-09/Navigationsaufgabe-09-node.html
NAV-09-04;9;4;"Ein Sportboot befährt am 23.06.2011 nördlich des roten Tonnenstrichs die Elbe seewärts. Gegen 12:00 Uhr wird die Tonne ""14"" nahebei passiert. Die Fahrt über Grund beträgt 5,8 kn.";"Was bedeutet der Zusatz ""Horn Mo(AL)60s""?";Nebelhorn in den Morsebuchstaben A und L alle 60 Sekunden.;;01. August 2023;https://www.elwis.de/DE/Sportschifffahrt/Sportbootfuehrerscheine/Fragenkatalog-See/Navigationsaufgaben/Navigationsaufgabe-09/Navigationsaufgabe-09-node.html
NAV-09-05;9;5;"Ein Sportboot befährt am 23.06.2011 nördlich des roten Tonnenstrichs die Elbe seewärts. Gegen 12:00 Uhr wird die Tonne ""14"" nahebei passiert. Die Fahrt über Grund beträgt 5,8 kn.";Um 14:20 Uhr zeigt das GPS folgende Position: 53° 56,0' N 008° 11,0' E. Tragen Sie diese in die Karte ein.;Siehe Karte;;01. August 2023;https://www.elwis.de/DE/Sportschifffahrt/Sportbootfuehrerscheine/Fragenkatalog-See/Navigationsaufgaben/Navigationsaufgabe-09/Navigationsaufgabe-09-node.html
NAV-09-06;9;6;"Ein Sportboot befährt am 23.06.2011 nördlich des roten Tonnenstrichs die Elbe seewärts. Gegen 12:00 Uhr wird die Tonne ""14"" nahebei passiert. Die Fahrt über Grund beträgt 5,8 kn.";"Die GPS-Position soll anhand von Peilungen kontrolliert werden. Wie lauten von dieser GPS-Position aus die rw-Peilungen auf Leuchtturm ""Neuwerk"" und Leuchtturm ""Alte Weser""?";rwP = 096° Neuwerk rwP = 205° Alte Weser;;01. August 2023;https://www.elwis.de/DE/Sportschifffahrt/Sportbootfuehrerscheine/Fragenkatalog-See/Navigationsaufgaben/Navigationsaufgabe-09/Navigationsaufgabe-09-node.html
NAV-09-07;9;7;"Ein Sportboot befährt am 23.06.2011 nördlich des roten Tonnenstrichs die Elbe seewärts. Gegen 12:00 Uhr wird die Tonne ""14"" nahebei passiert. Die Fahrt über Grund beträgt 5,8 kn.";Tragen Sie die rw-Peilungen in die Seekarte ein.;Siehe Karte;;01. August 2023;https://www.elwis.de/DE/Sportschifffahrt/Sportbootfuehrerscheine/Fragenkatalog-See/Navigationsaufgaben/Navigationsaufgabe-09/Navigationsaufgabe-09-node.html
NAV-09-08;9;8;"Ein Sportboot befährt am 23.06.2011 nördlich des roten Tonnenstrichs die Elbe seewärts. Gegen 12:00 Uhr wird die Tonne ""14"" nahebei passiert. Die Fahrt über Grund beträgt 5,8 kn.";"Wie groß ist die Distanz zum Leuchtturm ""Alte Weser""?";4,6 sm;;01. August 2023;https://www.elwis.de/DE/Sportschifffahrt/Sportbootfuehrerscheine/Fragenkatalog-See/Navigationsaufgaben/Navigationsaufgabe-09/Navigationsaufgabe-09-node.html
NAV-09-09;9;9;"Ein Sportboot befährt am 23.06.2011 nördlich des roten Tonnenstrichs die Elbe seewärts. Gegen 12:00 Uhr wird die Tonne ""14"" nahebei passiert. Die Fahrt über Grund beträgt 5,8 kn.";"Gegen 15:20 Uhr sind Sie am Leuchtturm ""Alte Weser"". Wie groß ist die Geschwindigkeit der letzten Stunde?";4,6 kn;;01. August 2023;https://www.elwis.de/DE/Sportschifffahrt/Sportbootfuehrerscheine/Fragenkatalog-See/Navigationsaufgaben/Navigationsaufgabe-09/Navigationsaufgabe-09-node.html
NAV-10-01;10;1;"Ein am 14.07.2010 aus der ""Alten Weser"" auslaufendes Fahrzeug hat den Leuchtturm ""Alte Weser"" passiert und steht um 12:00 Uhr nahebei der Tonne ""A10"".";Entnehmen Sie der Seekarte die geographische Position dieser Tonne.;53° 52,6' N 008° 06,4' E;;01. August 2023;https://www.elwis.de/DE/Sportschifffahrt/Sportbootfuehrerscheine/Fragenkatalog-See/Navigationsaufgaben/Navigationsaufgabe-10/Navigationsaufgabe-10-node.html
NAV-10-02;10;2;"Ein am 14.07.2010 aus der ""Alten Weser"" auslaufendes Fahrzeug hat den Leuchtturm ""Alte Weser"" passiert und steht um 12:00 Uhr nahebei der Tonne ""A10"".";"Beschreiben Sie das Feuer des Leuchtturms ""Alte Weser"".";Festfeuer mit weißen, roten und grünen Sektoren. Feuerhöhe 33 m, 23 sm bis 18 sm Nenntragweite.;;01. August 2023;https://www.elwis.de/DE/Sportschifffahrt/Sportbootfuehrerscheine/Fragenkatalog-See/Navigationsaufgaben/Navigationsaufgabe-10/Navigationsaufgabe-10-node.html
NAV-10-03;10;3;"Ein am 14.07.2010 aus der ""Alten Weser"" auslaufendes Fahrzeug hat den Leuchtturm ""Alte Weser"" passiert und steht um 12:00 Uhr nahebei der Tonne ""A10"".";"Vom angegebenen Standort aus wird der Kurs auf die Tonne ""A2"" abgesetzt. Tragen Sie den Kurs in die Seekarte ein.";Siehe Karte;;01. August 2023;https://www.elwis.de/DE/Sportschifffahrt/Sportbootfuehrerscheine/Fragenkatalog-See/Navigationsaufgaben/Navigationsaufgabe-10/Navigationsaufgabe-10-node.html
NAV-10-04;10;4;"Ein am 14.07.2010 aus der ""Alten Weser"" auslaufendes Fahrzeug hat den Leuchtturm ""Alte Weser"" passiert und steht um 12:00 Uhr nahebei der Tonne ""A10"".";Wie lautet der rwK?;rwK = 301°;;01. August 2023;https://www.elwis.de/DE/Sportschifffahrt/Sportbootfuehrerscheine/Fragenkatalog-See/Navigationsaufgaben/Navigationsaufgabe-10/Navigationsaufgabe-10-node.html
NAV-10-05;10;5;"Ein am 14.07.2010 aus der ""Alten Weser"" auslaufendes Fahrzeug hat den Leuchtturm ""Alte Weser"" passiert und steht um 12:00 Uhr nahebei der Tonne ""A10"".";Die Ablenkung beträgt-4°, die Mw ist der Seekarte zu entnehmen. Wie lautet der MgK?;MgK = 304°;;01. August 2023;https://www.elwis.de/DE/Sportschifffahrt/Sportbootfuehrerscheine/Fragenkatalog-See/Navigationsaufgaben/Navigationsaufgabe-10/Navigationsaufgabe-10-node.html
NAV-10-06;10;6;"Ein am 14.07.2010 aus der ""Alten Weser"" auslaufendes Fahrzeug hat den Leuchtturm ""Alte Weser"" passiert und steht um 12:00 Uhr nahebei der Tonne ""A10"".";"Um 12:26 Uhr wird die Tonne ""A2"" querab passiert. Wie groß ist die Geschwindigkeit über Grund seit Passage der Tonne ""A10""?";12,0 kn;;01. August 2023;https://www.elwis.de/DE/Sportschifffahrt/Sportbootfuehrerscheine/Fragenkatalog-See/Navigationsaufgaben/Navigationsaufgabe-10/Navigationsaufgabe-10-node.html
NAV-10-07;10;7;"Ein am 14.07.2010 aus der ""Alten Weser"" auslaufendes Fahrzeug hat den Leuchtturm ""Alte Weser"" passiert und steht um 12:00 Uhr nahebei der Tonne ""A10"".";"Nach Passage der Tonne ""A2"" wird der Kurs nach Steuerbord geändert und auf die Tonne ""E3"" abgesetzt. Wenig später wird die Tonne ""ST"" passiert. Welche Bedeutung hat dieses Schifffahrtszeichen?";Kennzeichnung der Zufahrt zu Fahrwassern und der Mitte von Schifffahrtswegen;;01. August 2023;https://www.elwis.de/DE/Sportschifffahrt/Sportbootfuehrerscheine/Fragenkatalog-See/Navigationsaufgaben/Navigationsaufgabe-10/Navigationsaufgabe-10-node.html
NAV-10-08;10;8;"Ein am 14.07.2010 aus der ""Alten Weser"" auslaufendes Fahrzeug hat den Leuchtturm ""Alte Weser"" passiert und steht um 12:00 Uhr nahebei der Tonne ""A10"".";"Zur Standortbestimmung werden danach mit dem Peilaufsatz am Magnetkompass folgende Schifffahrtszeichen gepeilt: Tonne ""Nordergründe-N"" MgP = 110° Tonne ""ST"" MgP = 225° Die Ablenkung für den anliegenden Kurs beträgt +1°, die Mw ist der Seekarte zu entnehmen. Wie lauten die rw-Peilungen?";"rwP = 112° Tonne ""NGN"" rwP = 227° Tonne ""ST""";;01. August 2023;https://www.elwis.de/DE/Sportschifffahrt/Sportbootfuehrerscheine/Fragenkatalog-See/Navigationsaufgaben/Navigationsaufgabe-10/Navigationsaufgabe-10-node.html
NAV-10-09;10;9;"Ein am 14.07.2010 aus der ""Alten Weser"" auslaufendes Fahrzeug hat den Leuchtturm ""Alte Weser"" passiert und steht um 12:00 Uhr nahebei der Tonne ""A10"".";Tragen Sie die rechtweisenden Peilungen in die Seekarte ein.;Siehe Karte;;01. August 2023;https://www.elwis.de/DE/Sportschifffahrt/Sportbootfuehrerscheine/Fragenkatalog-See/Navigationsaufgaben/Navigationsaufgabe-10/Navigationsaufgabe-10-node.html
NAV-11-01;11;1;Ein Sportboot steht am 05.08.2013 um 09:00 Uhr in der Deutschen Bucht auf Position 53° 54,2' N und 007° 53,8' E und möchte in die Neue Weser einlaufen.;Tragen Sie die Position in die Karte ein.;Siehe Karte;;01. August 2023;https://www.elwis.de/DE/Sportschifffahrt/Sportbootfuehrerscheine/Fragenkatalog-See/Navigationsaufgaben/Navigationsaufgabe-11/Navigationsaufgabe-11-node.html
NAV-11-02;11;2;Ein Sportboot steht am 05.08.2013 um 09:00 Uhr in der Deutschen Bucht auf Position 53° 54,2' N und 007° 53,8' E und möchte in die Neue Weser einlaufen.;Auf der o. g. Position befindet sich ein Eintrag. Was bedeutet diese Eintragung in die Seekarte?;Kartentiefe 18,5 m;;01. August 2023;https://www.elwis.de/DE/Sportschifffahrt/Sportbootfuehrerscheine/Fragenkatalog-See/Navigationsaufgaben/Navigationsaufgabe-11/Navigationsaufgabe-11-node.html
NAV-11-03;11;3;Ein Sportboot steht am 05.08.2013 um 09:00 Uhr in der Deutschen Bucht auf Position 53° 54,2' N und 007° 53,8' E und möchte in die Neue Weser einlaufen.;"Von der o. g. Position wird der Kurs auf die Tonne ""5"" des Fahrwassers der Neuen Weser abgesetzt. Wie lautet der rwK?";rwK = 148°;;01. August 2023;https://www.elwis.de/DE/Sportschifffahrt/Sportbootfuehrerscheine/Fragenkatalog-See/Navigationsaufgaben/Navigationsaufgabe-11/Navigationsaufgabe-11-node.html
NAV-11-04;11;4;Ein Sportboot steht am 05.08.2013 um 09:00 Uhr in der Deutschen Bucht auf Position 53° 54,2' N und 007° 53,8' E und möchte in die Neue Weser einlaufen.;Tragen Sie den rechtweisenden Kurs in die Seekarte ein.;Siehe Karte;;01. August 2023;https://www.elwis.de/DE/Sportschifffahrt/Sportbootfuehrerscheine/Fragenkatalog-See/Navigationsaufgaben/Navigationsaufgabe-11/Navigationsaufgabe-11-node.html
NAV-11-05;11;5;Ein Sportboot steht am 05.08.2013 um 09:00 Uhr in der Deutschen Bucht auf Position 53° 54,2' N und 007° 53,8' E und möchte in die Neue Weser einlaufen.;Die Ablenkung beträgt-5°, die Mw ist der Seekarte zu entnehmen. Wie lautet der MgK?;MgK = 152°;;01. August 2023;https://www.elwis.de/DE/Sportschifffahrt/Sportbootfuehrerscheine/Fragenkatalog-See/Navigationsaufgaben/Navigationsaufgabe-11/Navigationsaufgabe-11-node.html
NAV-11-06;11;6;Ein Sportboot steht am 05.08.2013 um 09:00 Uhr in der Deutschen Bucht auf Position 53° 54,2' N und 007° 53,8' E und möchte in die Neue Weser einlaufen.;"Beschreiben Sie Farbe, Kennung und Toppzeichen der Tonne ""5"" der Neuen Weser.";Farbe: grün Kennung: grünes unterbrochenes Feuer in 2er Gruppen mit einer Wiederkehr von 9 Sekunden Toppzeichen: keines;;01. August 2023;https://www.elwis.de/DE/Sportschifffahrt/Sportbootfuehrerscheine/Fragenkatalog-See/Navigationsaufgaben/Navigationsaufgabe-11/Navigationsaufgabe-11-node.html
NAV-11-07;11;7;Ein Sportboot steht am 05.08.2013 um 09:00 Uhr in der Deutschen Bucht auf Position 53° 54,2' N und 007° 53,8' E und möchte in die Neue Weser einlaufen.;"Wann wird die Tonne ""5"" voraussichtlich passiert, wenn das Boot eine Fahrt über Grund von 6 kn macht?";Um 09:37 Uhr;;01. August 2023;https://www.elwis.de/DE/Sportschifffahrt/Sportbootfuehrerscheine/Fragenkatalog-See/Navigationsaufgaben/Navigationsaufgabe-11/Navigationsaufgabe-11-node.html
NAV-11-08;11;8;Ein Sportboot steht am 05.08.2013 um 09:00 Uhr in der Deutschen Bucht auf Position 53° 54,2' N und 007° 53,8' E und möchte in die Neue Weser einlaufen.;"Im weiteren Verlauf der Reise werden mit dem Hand-Peilkompass folgende Leuchttürme gepeilt: Leuchtturm ""Alte Weser"" MgP = 011° Leuchtturm ""Tegeler Plate"" MgP = 102° Die Ablenkung beträgt 0°, die Mw ist der Seekarte zu entnehmen. Wie lauten die rw-Peilungen?";"rwP = 012° LT ""Alte Weser"" rwP = 103° LT ""Tegeler Plate""";;01. August 2023;https://www.elwis.de/DE/Sportschifffahrt/Sportbootfuehrerscheine/Fragenkatalog-See/Navigationsaufgaben/Navigationsaufgabe-11/Navigationsaufgabe-11-node.html
NAV-11-09;11;9;Ein Sportboot steht am 05.08.2013 um 09:00 Uhr in der Deutschen Bucht auf Position 53° 54,2' N und 007° 53,8' E und möchte in die Neue Weser einlaufen.;Tragen Sie die rwP in die Karte ein.;Siehe Karte;;01. August 2023;https://www.elwis.de/DE/Sportschifffahrt/Sportbootfuehrerscheine/Fragenkatalog-See/Navigationsaufgaben/Navigationsaufgabe-11/Navigationsaufgabe-11-node.html
NAV-12-01;12;1;"Ein am 02.05.2012 aus der Jade auslaufendes Sportboot steht um 08:00 Uhr nahebei der Tonne ""10"" des Wangerooger Fahrwassers und möchte in nördlicher Richtung ablaufen. Die Fahrt über Grund wird mit 8 kn angenommen.";Entnehmen Sie der Seekarte die geographische Position des Bootes.;53° 50,0' N 007° 53,4' E;;01. August 2023;https://www.elwis.de/DE/Sportschifffahrt/Sportbootfuehrerscheine/Fragenkatalog-See/Navigationsaufgaben/Navigationsaufgabe-12/Navigationsaufgabe-12-node.html
NAV-12-02;12;2;"Ein am 02.05.2012 aus der Jade auslaufendes Sportboot steht um 08:00 Uhr nahebei der Tonne ""10"" des Wangerooger Fahrwassers und möchte in nördlicher Richtung ablaufen. Die Fahrt über Grund wird mit 8 kn angenommen.";"Von der angegebenen Position wird der Kurs auf die Tonne ""ST"" abgesetzt. Tragen Sie den Kurs in die Seekarte ein.";Siehe Karte;;01. August 2023;https://www.elwis.de/DE/Sportschifffahrt/Sportbootfuehrerscheine/Fragenkatalog-See/Navigationsaufgaben/Navigationsaufgabe-12/Navigationsaufgabe-12-node.html
NAV-12-03;12;3;"Ein am 02.05.2012 aus der Jade auslaufendes Sportboot steht um 08:00 Uhr nahebei der Tonne ""10"" des Wangerooger Fahrwassers und möchte in nördlicher Richtung ablaufen. Die Fahrt über Grund wird mit 8 kn angenommen.";Wie lautet der rwK?;rwK = 007°;;01. August 2023;https://www.elwis.de/DE/Sportschifffahrt/Sportbootfuehrerscheine/Fragenkatalog-See/Navigationsaufgaben/Navigationsaufgabe-12/Navigationsaufgabe-12-node.html
NAV-12-04;12;4;"Ein am 02.05.2012 aus der Jade auslaufendes Sportboot steht um 08:00 Uhr nahebei der Tonne ""10"" des Wangerooger Fahrwassers und möchte in nördlicher Richtung ablaufen. Die Fahrt über Grund wird mit 8 kn angenommen.";Die Ablenkung beträgt-3°, die Mw ist der Seekarte zu entnehmen. Wie lautet der MgK?;MgK = 009°;;01. August 2023;https://www.elwis.de/DE/Sportschifffahrt/Sportbootfuehrerscheine/Fragenkatalog-See/Navigationsaufgaben/Navigationsaufgabe-12/Navigationsaufgabe-12-node.html
NAV-12-05;12;5;"Ein am 02.05.2012 aus der Jade auslaufendes Sportboot steht um 08:00 Uhr nahebei der Tonne ""10"" des Wangerooger Fahrwassers und möchte in nördlicher Richtung ablaufen. Die Fahrt über Grund wird mit 8 kn angenommen.";"Die Tonne ""4a"" der ""Neuen Weser"" wird passiert. Beschreiben Sie Farbe, Kennung und Toppzeichen des Schifffahrtszeichens.";Farbe: rot Kennung: rotes unterbrochenes Funkelfeuer mit 13 Sekunden Wiederkehr Toppzeichen: roter Zylinder;;01. August 2023;https://www.elwis.de/DE/Sportschifffahrt/Sportbootfuehrerscheine/Fragenkatalog-See/Navigationsaufgaben/Navigationsaufgabe-12/Navigationsaufgabe-12-node.html
NAV-12-06;12;6;"Ein am 02.05.2012 aus der Jade auslaufendes Sportboot steht um 08:00 Uhr nahebei der Tonne ""10"" des Wangerooger Fahrwassers und möchte in nördlicher Richtung ablaufen. Die Fahrt über Grund wird mit 8 kn angenommen.";Um 08:30 Uhr wird ein treibendes und leckendes Ölfass nahebei passiert und an die Verkehrszentrale gemeldet. Auf welcher Position befindet sich das Schiff nach Koppelort zu diesem Zeitpunkt?;53° 54,0' N 007° 54,3' E;;01. August 2023;https://www.elwis.de/DE/Sportschifffahrt/Sportbootfuehrerscheine/Fragenkatalog-See/Navigationsaufgaben/Navigationsaufgabe-12/Navigationsaufgabe-12-node.html
NAV-12-07;12;7;"Ein am 02.05.2012 aus der Jade auslaufendes Sportboot steht um 08:00 Uhr nahebei der Tonne ""10"" des Wangerooger Fahrwassers und möchte in nördlicher Richtung ablaufen. Die Fahrt über Grund wird mit 8 kn angenommen.";"Um 09:00 Uhr wird die Tonne ""ST"" gepeilt: rwP = 168°. Als Distanz werden 2,0 sm ermittelt. Tragen Sie die rw-Peilung in die Seekarte ein.";Siehe Karte;;01. August 2023;https://www.elwis.de/DE/Sportschifffahrt/Sportbootfuehrerscheine/Fragenkatalog-See/Navigationsaufgaben/Navigationsaufgabe-12/Navigationsaufgabe-12-node.html
NAV-12-08;12;8;"Ein am 02.05.2012 aus der Jade auslaufendes Sportboot steht um 08:00 Uhr nahebei der Tonne ""10"" des Wangerooger Fahrwassers und möchte in nördlicher Richtung ablaufen. Die Fahrt über Grund wird mit 8 kn angenommen.";Wie lautet die Besteckversetzung?;BV = 296° -0,7 sm;;01. August 2023;https://www.elwis.de/DE/Sportschifffahrt/Sportbootfuehrerscheine/Fragenkatalog-See/Navigationsaufgaben/Navigationsaufgabe-12/Navigationsaufgabe-12-node.html
NAV-12-09;12;9;"Ein am 02.05.2012 aus der Jade auslaufendes Sportboot steht um 08:00 Uhr nahebei der Tonne ""10"" des Wangerooger Fahrwassers und möchte in nördlicher Richtung ablaufen. Die Fahrt über Grund wird mit 8 kn angenommen.";"Welche Bedeutung hat die Tonne ""ST""?";"Kennzeichnung der Zufahrt zu Fahrwassern und der Mitte von Schifffahrtswegen (hier: ""Alte Weser"")";;01. August 2023;https://www.elwis.de/DE/Sportschifffahrt/Sportbootfuehrerscheine/Fragenkatalog-See/Navigationsaufgaben/Navigationsaufgabe-12/Navigationsaufgabe-12-node.html
NAV-13-01;13;1;Ein aus Helgoland ausgelaufenes Sportboot befindet sich am 02.07.2014 auf dem Weg nach Bremerhaven.;"Um 09:00 Uhr werden mit dem Hand-Peilkompass folgende Schifffahrtszeichen gepeilt: Tonne ""Helgoland-O"" MgP = 284° Tonne ""Düne-S"" MgP = 008° Die Ablenkung beträgt 0°, die Mw ist der Seekarte zu entnehmen. Wie lauten die rw-Peilungen?";"rwP = 285° Tonne ""Helgoland-O"" rwP = 009° Tonne ""Düne-S""";;01. August 2023;https://www.elwis.de/DE/Sportschifffahrt/Sportbootfuehrerscheine/Fragenkatalog-See/Navigationsaufgaben/Navigationsaufgabe-13/Navigationsaufgabe-13-node.html
NAV-13-02;13;2;Ein aus Helgoland ausgelaufenes Sportboot befindet sich am 02.07.2014 auf dem Weg nach Bremerhaven.;Tragen Sie die rechtweisenden Peilungen in die Seekarte ein.;Siehe Karte;;01. August 2023;https://www.elwis.de/DE/Sportschifffahrt/Sportbootfuehrerscheine/Fragenkatalog-See/Navigationsaufgaben/Navigationsaufgabe-13/Navigationsaufgabe-13-node.html
NAV-13-03;13;3;Ein aus Helgoland ausgelaufenes Sportboot befindet sich am 02.07.2014 auf dem Weg nach Bremerhaven.;Entnehmen Sie der Seekarte die geographische Position des durch Peilung ermittelten Standortes.;54° 08,6' N 007° 55,7' E;;01. August 2023;https://www.elwis.de/DE/Sportschifffahrt/Sportbootfuehrerscheine/Fragenkatalog-See/Navigationsaufgaben/Navigationsaufgabe-13/Navigationsaufgabe-13-node.html
NAV-13-04;13;4;Ein aus Helgoland ausgelaufenes Sportboot befindet sich am 02.07.2014 auf dem Weg nach Bremerhaven.;"Welche Bedeutung hat die Tonne ""Helgoland-O""?";Ost-Kardinal-Zeichen Zeigt an, dass die Gefahrenstelle im Osten sicher umfahren werden kann;;01. August 2023;https://www.elwis.de/DE/Sportschifffahrt/Sportbootfuehrerscheine/Fragenkatalog-See/Navigationsaufgaben/Navigationsaufgabe-13/Navigationsaufgabe-13-node.html
NAV-13-05;13;5;Ein aus Helgoland ausgelaufenes Sportboot befindet sich am 02.07.2014 auf dem Weg nach Bremerhaven.;"Von dem durch Peilung ermittelten Standort wird der Kurs auf die Tonne ""ST"" abgesetzt. Tragen Sie den Kurs in die Seekarte ein.";Siehe Karte;;01. August 2023;https://www.elwis.de/DE/Sportschifffahrt/Sportbootfuehrerscheine/Fragenkatalog-See/Navigationsaufgaben/Navigationsaufgabe-13/Navigationsaufgabe-13-node.html
NAV-13-06;13;6;Ein aus Helgoland ausgelaufenes Sportboot befindet sich am 02.07.2014 auf dem Weg nach Bremerhaven.;Wie lautet der rwK?;rwK = 182°;;01. August 2023;https://www.elwis.de/DE/Sportschifffahrt/Sportbootfuehrerscheine/Fragenkatalog-See/Navigationsaufgaben/Navigationsaufgabe-13/Navigationsaufgabe-13-node.html
NAV-13-07;13;7;Ein aus Helgoland ausgelaufenes Sportboot befindet sich am 02.07.2014 auf dem Weg nach Bremerhaven.;Die Ablenkung beträgt +4°, die Mw ist der Seekarte zu entnehmen. Wie lautet der MgK?;MgK = 177°;;01. August 2023;https://www.elwis.de/DE/Sportschifffahrt/Sportbootfuehrerscheine/Fragenkatalog-See/Navigationsaufgaben/Navigationsaufgabe-13/Navigationsaufgabe-13-node.html
NAV-13-08;13;8;Ein aus Helgoland ausgelaufenes Sportboot befindet sich am 02.07.2014 auf dem Weg nach Bremerhaven.;"Um 09:40 Uhr wird die Tonne ""E3"" querab passiert. Wie groß ist die Geschwindigkeit des Bootes seit dem durch Peilung bestimmten Standort?";FüG = 7,5 kn;;01. August 2023;https://www.elwis.de/DE/Sportschifffahrt/Sportbootfuehrerscheine/Fragenkatalog-See/Navigationsaufgaben/Navigationsaufgabe-13/Navigationsaufgabe-13-node.html
NAV-13-09;13;9;Ein aus Helgoland ausgelaufenes Sportboot befindet sich am 02.07.2014 auf dem Weg nach Bremerhaven.;"Beschreiben Sie Farbe, Kennung und Toppzeichen der Tonne ""ST"".";Farbe: rot-weiß senkrecht gestreift Kennung: weißes Gleichtaktfeuer mit 8 Sekunden Wiederkehr Toppzeichen: roter Ball;;01. August 2023;https://www.elwis.de/DE/Sportschifffahrt/Sportbootfuehrerscheine/Fragenkatalog-See/Navigationsaufgaben/Navigationsaufgabe-13/Navigationsaufgabe-13-node.html
NAV-14-01;14;1;Ein Sportboot verlässt am frühen Morgen des 31.08.2013 die Insel Neuwerk mit dem Ziel Husum. Die Fahrt über Grund wird mit 6 kn angegeben.;Beschreiben Sie das Feuer des Leuchtturms Neuwerk.;Blink in 3er Gruppen, weiß-rot-grün. 20 Sekunden Wiederkehr. Feuerträger 38 m hoch. Nenntragweite 16 sm bis 11 sm.;;01. August 2023;https://www.elwis.de/DE/Sportschifffahrt/Sportbootfuehrerscheine/Fragenkatalog-See/Navigationsaufgaben/Navigationsaufgabe-14/Navigationsaufgabe-14-node.html
NAV-14-02;14;2;Ein Sportboot verlässt am frühen Morgen des 31.08.2013 die Insel Neuwerk mit dem Ziel Husum. Die Fahrt über Grund wird mit 6 kn angegeben.;Erläutern Sie die Bedeutung folgender Hintergrundfarben in der Seekarte: weiß, hellblau, hellgrün und hellgelb.;"weiß: ""tiefes Wasser"" hellblau: ""flaches Wasser"" hellgrün: ""Watt"" hellgelb: ""Land""";;01. August 2023;https://www.elwis.de/DE/Sportschifffahrt/Sportbootfuehrerscheine/Fragenkatalog-See/Navigationsaufgaben/Navigationsaufgabe-14/Navigationsaufgabe-14-node.html
NAV-14-03;14;3;Ein Sportboot verlässt am frühen Morgen des 31.08.2013 die Insel Neuwerk mit dem Ziel Husum. Die Fahrt über Grund wird mit 6 kn angegeben.;"Gegen 07:00 Uhr wird die Tonne ""13/Neuwerk-Reede1"" nahebei passiert. Entnehmen Sie der Seekarte die geographische Position dieser Tonne.";53° 58,4' N 008° 28,2' E;;01. August 2023;https://www.elwis.de/DE/Sportschifffahrt/Sportbootfuehrerscheine/Fragenkatalog-See/Navigationsaufgaben/Navigationsaufgabe-14/Navigationsaufgabe-14-node.html
NAV-14-04;14;4;Ein Sportboot verlässt am frühen Morgen des 31.08.2013 die Insel Neuwerk mit dem Ziel Husum. Die Fahrt über Grund wird mit 6 kn angegeben.;"Von der Tonne ""13/Neuwerk-Reede1"" aus wird das Fahrwasser zunächst gequert. Dann fährt das Sportboot außerhalb des roten Tonnenstriches elbabwärts zur Tonne ""8"", die es um 07:45 Uhr erreicht. Von der Tonne ""8"" wird der Kurs auf die Tonne ""Norderelbe"" abgesetzt. Tragen Sie den Kurs ab Tonne ""8"" in die Seekarte ein.";Siehe Karte;;01. August 2023;https://www.elwis.de/DE/Sportschifffahrt/Sportbootfuehrerscheine/Fragenkatalog-See/Navigationsaufgaben/Navigationsaufgabe-14/Navigationsaufgabe-14-node.html
NAV-14-05;14;5;Ein Sportboot verlässt am frühen Morgen des 31.08.2013 die Insel Neuwerk mit dem Ziel Husum. Die Fahrt über Grund wird mit 6 kn angegeben.;Wie lautet der rwK?;rwK = 038°;;01. August 2023;https://www.elwis.de/DE/Sportschifffahrt/Sportbootfuehrerscheine/Fragenkatalog-See/Navigationsaufgaben/Navigationsaufgabe-14/Navigationsaufgabe-14-node.html
NAV-14-06;14;6;Ein Sportboot verlässt am frühen Morgen des 31.08.2013 die Insel Neuwerk mit dem Ziel Husum. Die Fahrt über Grund wird mit 6 kn angegeben.;Die Ablenkung beträgt +4°, die Mw ist der Seekarte zu entnehmen. Wie lautet der MgK?;MgK = 033°;;01. August 2023;https://www.elwis.de/DE/Sportschifffahrt/Sportbootfuehrerscheine/Fragenkatalog-See/Navigationsaufgaben/Navigationsaufgabe-14/Navigationsaufgabe-14-node.html
NAV-14-07;14;7;Ein Sportboot verlässt am frühen Morgen des 31.08.2013 die Insel Neuwerk mit dem Ziel Husum. Die Fahrt über Grund wird mit 6 kn angegeben.;"Wie groß ist die Distanz zwischen den Tonnen ""8"" und ""Norderelbe""?";3,6 sm;;01. August 2023;https://www.elwis.de/DE/Sportschifffahrt/Sportbootfuehrerscheine/Fragenkatalog-See/Navigationsaufgaben/Navigationsaufgabe-14/Navigationsaufgabe-14-node.html
NAV-14-08;14;8;Ein Sportboot verlässt am frühen Morgen des 31.08.2013 die Insel Neuwerk mit dem Ziel Husum. Die Fahrt über Grund wird mit 6 kn angegeben.;"Um 08:30 Uhr werden mit dem Peilaufsatz am Magnetkompass die Tonne ""Süderpiep"" in MgP = 020° und die Tonne ""Norderelbe"" in MgP = 098° gepeilt. Die Ablenkung für den anliegenden Kurs beträgt +1°, die Mw ist der Seekarte zu entnehmen. Wie lauten die rw-Peilungen?";rwP = 022° Süderpiep rwP = 100° Norderelbe;;01. August 2023;https://www.elwis.de/DE/Sportschifffahrt/Sportbootfuehrerscheine/Fragenkatalog-See/Navigationsaufgaben/Navigationsaufgabe-14/Navigationsaufgabe-14-node.html
NAV-14-09;14;9;Ein Sportboot verlässt am frühen Morgen des 31.08.2013 die Insel Neuwerk mit dem Ziel Husum. Die Fahrt über Grund wird mit 6 kn angegeben.;Tragen Sie die rechtweisenden Peilungen in die Seekarte ein.;Siehe Karte;;01. August 2023;https://www.elwis.de/DE/Sportschifffahrt/Sportbootfuehrerscheine/Fragenkatalog-See/Navigationsaufgaben/Navigationsaufgabe-14/Navigationsaufgabe-14-node.html
NAV-15-01;15;1;Ein Sportboot läuft am 20.08.2011 von der Weser kommend in die Elbmündung.;"Um 09:00 Uhr werden folgende Peilungen ermittelt: Leuchtturm ""Alte Weser"" MgP = 175° Leuchtturm ""Neuwerk"" MgP = 085° Die Ablenkung beträgt +5°, die Mw ist der Seekarte zu entnehmen. Wie lauten die rw-Peilungen?";rwP = 180° Alte Weser rwP = 090° Neuwerk;;01. August 2023;https://www.elwis.de/DE/Sportschifffahrt/Sportbootfuehrerscheine/Fragenkatalog-See/Navigationsaufgaben/Navigationsaufgabe-15/Navigationsaufgabe-15-node.html
NAV-15-02;15;2;Ein Sportboot läuft am 20.08.2011 von der Weser kommend in die Elbmündung.;Tragen Sie die rwP in die Karte ein.;Siehe Karte;;01. August 2023;https://www.elwis.de/DE/Sportschifffahrt/Sportbootfuehrerscheine/Fragenkatalog-See/Navigationsaufgaben/Navigationsaufgabe-15/Navigationsaufgabe-15-node.html
NAV-15-03;15;3;Ein Sportboot läuft am 20.08.2011 von der Weser kommend in die Elbmündung.;Geben Sie die ermittelte Position nach geographischer Breite und Länge an.;53° 54,9' N 008° 07,6' E;;01. August 2023;https://www.elwis.de/DE/Sportschifffahrt/Sportbootfuehrerscheine/Fragenkatalog-See/Navigationsaufgaben/Navigationsaufgabe-15/Navigationsaufgabe-15-node.html
NAV-15-04;15;4;Ein Sportboot läuft am 20.08.2011 von der Weser kommend in die Elbmündung.;"Von dieser Position aus setzen Sie Kurs auf die Tonne ""1"" des Elbe-Fahrwassers. Wie lautet der rwK?";rwK = 037°;;01. August 2023;https://www.elwis.de/DE/Sportschifffahrt/Sportbootfuehrerscheine/Fragenkatalog-See/Navigationsaufgaben/Navigationsaufgabe-15/Navigationsaufgabe-15-node.html
NAV-15-05;15;5;Ein Sportboot läuft am 20.08.2011 von der Weser kommend in die Elbmündung.;Die Ablenkung beträgt-2°, die Mw ist der Seekarte zu entnehmen. Wie lautet der MgK?;MgK = 039°;;01. August 2023;https://www.elwis.de/DE/Sportschifffahrt/Sportbootfuehrerscheine/Fragenkatalog-See/Navigationsaufgaben/Navigationsaufgabe-15/Navigationsaufgabe-15-node.html
NAV-15-06;15;6;Ein Sportboot läuft am 20.08.2011 von der Weser kommend in die Elbmündung.;"Wie groß ist die Distanz zur Tonne ""1""?";5,4 sm;;01. August 2023;https://www.elwis.de/DE/Sportschifffahrt/Sportbootfuehrerscheine/Fragenkatalog-See/Navigationsaufgaben/Navigationsaufgabe-15/Navigationsaufgabe-15-node.html
NAV-15-07;15;7;Ein Sportboot läuft am 20.08.2011 von der Weser kommend in die Elbmündung.;"Nach 1,8 sm kreuzt Ihr Kurs eine Eintragung in der Seekarte, die mit "" Obstn "" beschriftet ist. Was bedeutet diese Eintragung in der Seekarte?";Schifffahrtshindernis mit einer Kartentiefe von 9,7 m;;01. August 2023;https://www.elwis.de/DE/Sportschifffahrt/Sportbootfuehrerscheine/Fragenkatalog-See/Navigationsaufgaben/Navigationsaufgabe-15/Navigationsaufgabe-15-node.html
NAV-15-08;15;8;Ein Sportboot läuft am 20.08.2011 von der Weser kommend in die Elbmündung.;"Beschreiben Sie Farbe, Kennung und Toppzeichen der Tonne ""1"" des Elbe-Fahrwassers.";Farbe: grün Kennung: grünes Funkelfeuer Toppzeichen: grüner Kegel Spitze oben;;01. August 2023;https://www.elwis.de/DE/Sportschifffahrt/Sportbootfuehrerscheine/Fragenkatalog-See/Navigationsaufgaben/Navigationsaufgabe-15/Navigationsaufgabe-15-node.html
NAV-15-09;15;9;Ein Sportboot läuft am 20.08.2011 von der Weser kommend in die Elbmündung.;"Die Revierzentrale ""Cuxhaven Elbe Traffic"" meldet drei über Bord gefallene Container in Position 53° 59,6' N und 008° 23,2 E. Tragen Sie die Position in die Seekarte ein.";Siehe Karte;;01. August 2023;https://www.elwis.de/DE/Sportschifffahrt/Sportbootfuehrerscheine/Fragenkatalog-See/Navigationsaufgaben/Navigationsaufgabe-15/Navigationsaufgabe-15-node.html
