id;kategorie;unterkategorie;pruefungsbezug;aufgabentyp;frage;antwort;erklaerung;bilddatei;quelle;quellen_url
PRAXIS-0001;Pflichtmanöver;Rettungsmanöver unter Maschine;Amtlicher Praxisteil;Handlungsaufgabe;Führe das Manöver „Rettungsmanöver unter Maschine“ durch. Was ist das Ziel?;Eine über Bord gegangene Person sicher wieder aufnehmen.;"Sofort reagieren, Person ständig beobachten lassen, Rettungsmittel ausbringen, kontrolliert und mit sicherer Geschwindigkeit anfahren; bei der Aufnahme Propellergefahr ausschließen.";bilder/praxis-0001_pflichtmanover.png;SpFV Anlage 4, I.1;https://www.gesetze-im-internet.de/spfv/anlage_4.html
PRAXIS-0002;Pflichtmanöver;Anlegen unter Maschine;Amtlicher Praxisteil;Handlungsaufgabe;Führe das Manöver „Anlegen unter Maschine“ durch. Was ist das Ziel?;Das Boot kontrolliert an einem vorgegebenen Liegeplatz festmachen.;Wind und Strom beurteilen, Fender und Leinen vorbereiten, langsam und kontrolliert anfahren, klare Kommandos geben und ohne Gefährdung festmachen.;bilder/praxis-0002_pflichtmanover.png;SpFV Anlage 4, I.1;https://www.gesetze-im-internet.de/spfv/anlage_4.html
PRAXIS-0003;Pflichtmanöver;Ablegen unter Maschine;Amtlicher Praxisteil;Handlungsaufgabe;Führe das Manöver „Ablegen unter Maschine“ durch. Was ist das Ziel?;Das Boot kontrolliert vom Liegeplatz lösen und freifahren.;Wind, Strom und Verkehr prüfen, Leinenplan festlegen, klare Kommandos geben, Leinen kontrolliert lösen und mit sicherem Abstand ablegen.;bilder/praxis-0003_pflichtmanover.png;SpFV Anlage 4, I.1;https://www.gesetze-im-internet.de/spfv/anlage_4.html
PRAXIS-0004;Pflichtmanöver;Steuern nach Kompass;Amtlicher Praxisteil;Handlungsaufgabe;Führe das Manöver „Steuern nach Kompass“ durch. Was ist das Ziel?;Einen angewiesenen Kompasskurs aufnehmen und halten.;Kurs deutlich wiederholen, zügig aber ohne Übersteuern eindrehen, Ablenkung und Seegang berücksichtigen und den Kurs stabil halten.;bilder/praxis-0004_pflichtmanover.png;SpFV Anlage 4, I.1;https://www.gesetze-im-internet.de/spfv/anlage_4.html
PRAXIS-0005;Pflichtmanöver;Peilen;Amtlicher Praxisteil;Handlungsaufgabe;Führe das Manöver „Peilen“ durch. Was ist das Ziel?;Eine einfache Peilung oder Kreuzpeilung durchführen.;"Peilobjekte eindeutig auswählen, Peilwerte korrekt ablesen und ansagen; bei der Kreuzpeilung geeignete, möglichst deutlich geschnittene Peillinien verwenden.";bilder/praxis-0005_pflichtmanover.png;SpFV Anlage 4, I.1;https://www.gesetze-im-internet.de/spfv/anlage_4.html
PRAXIS-0006;Sonstige Manöver;Kursgerechtes Aufstoppen;Amtlicher Praxisteil;Handlungsaufgabe;Führe das mögliche Prüfungsmanöver „Kursgerechtes Aufstoppen“ aus. Was ist das Ziel?;Das Boot aus der Fahrt kontrolliert aufstoppen, ohne den Kurs unnötig zu verlassen.;Verkehrsraum prüfen, Gas wegnehmen, Rückwärtsgang dosiert einsetzen und Ruderwirkung beziehungsweise Propellereffekt beachten.;bilder/praxis-0006_sonstige_manover.png;SpFV Anlage 4, I.2;https://www.gesetze-im-internet.de/spfv/anlage_4.html
PRAXIS-0007;Sonstige Manöver;Wenden auf engem Raum;Amtlicher Praxisteil;Handlungsaufgabe;Führe das mögliche Prüfungsmanöver „Wenden auf engem Raum“ aus. Was ist das Ziel?;Das Boot auf engem Raum kontrolliert um 180° drehen.;"Wind, Strom, Verkehr und Propellereffekt einbeziehen; Vorwärts- und Rückwärtsfahrt dosiert und mit klaren Kommandos einsetzen.";bilder/praxis-0007_sonstige_manover.png;SpFV Anlage 4, I.2;https://www.gesetze-im-internet.de/spfv/anlage_4.html
PRAXIS-0008;Sonstige Manöver;Steuern nach Schifffahrtszeichen oder Landmarken;Amtlicher Praxisteil;Handlungsaufgabe;Führe das mögliche Prüfungsmanöver „Steuern nach Schifffahrtszeichen oder Landmarken“ aus. Was ist das Ziel?;Einen angewiesenen Kurs mithilfe eines Zeichens oder einer Landmarke halten.;Ziel eindeutig identifizieren, vorausschauend steuern und seitliche Versetzung durch Wind oder Strom ausgleichen.;bilder/praxis-0008_sonstige_manover.png;SpFV Anlage 4, I.2;https://www.gesetze-im-internet.de/spfv/anlage_4.html
PRAXIS-0009;Sonstige Manöver;Rettungsweste oder Sicherheitsgurt anlegen;Amtlicher Praxisteil;Handlungsaufgabe;Führe das mögliche Prüfungsmanöver „Rettungsweste oder Sicherheitsgurt anlegen“ aus. Was ist das Ziel?;Die Ausrüstung richtig auswählen, anlegen und sichern.;Passende Größe wählen, Verschlüsse schließen, Gurte straff einstellen, Schrittgurt verwenden und Sitz kontrollieren.;bilder/praxis-0009_sonstige_manover.png;SpFV Anlage 4, I.2;https://www.gesetze-im-internet.de/spfv/anlage_4.html
PRAXIS-0010;Sonstige Manöver;Manöverschallsignal;Amtlicher Praxisteil;Handlungsaufgabe;Führe das mögliche Prüfungsmanöver „Manöverschallsignal“ aus. Was ist das Ziel?;Eines der drei Manöverschallsignale korrekt geben und erklären.;Ein kurzer Ton: Steuerbord. Zwei kurze Töne: Backbord. Drei kurze Töne: Maschine arbeitet rückwärts.;bilder/praxis-0010_sonstige_manover.png;SpFV Anlage 4, I.2;https://www.gesetze-im-internet.de/spfv/anlage_4.html
PRAXIS-0011;Seemannsknoten;Achtknoten;Amtlicher Praxisteil;Vorführen und erklären;Führe den Knoten „Achtknoten“ vor und erkläre seine Verwendung.;Achtknoten: Verhindert das Ausrauschen eines Endes durch einen Block oder eine Öse.;In der Prüfung muss der Knoten vorgeführt und seine Verwendung richtig erklärt werden. Die Grafik ist eine Lernskizze, keine vollständige Bindeanleitung.;bilder/praxis-0011_seemannsknoten.png;SpFV Anlage 4, III;https://www.gesetze-im-internet.de/spfv/anlage_4.html
PRAXIS-0012;Seemannsknoten;Kreuzknoten;Amtlicher Praxisteil;Vorführen und erklären;Führe den Knoten „Kreuzknoten“ vor und erkläre seine Verwendung.;"Kreuzknoten: Verbindet zwei gleich starke Enden aus gleichem Material; nicht für sicherheitskritische Belastungen.";In der Prüfung muss der Knoten vorgeführt und seine Verwendung richtig erklärt werden. Die Grafik ist eine Lernskizze, keine vollständige Bindeanleitung.;bilder/praxis-0012_seemannsknoten.png;SpFV Anlage 4, III;https://www.gesetze-im-internet.de/spfv/anlage_4.html
PRAXIS-0013;Seemannsknoten;Palstek;Amtlicher Praxisteil;Vorführen und erklären;Führe den Knoten „Palstek“ vor und erkläre seine Verwendung.;Palstek: Bildet eine feste, nicht zuziehende Schlaufe.;In der Prüfung muss der Knoten vorgeführt und seine Verwendung richtig erklärt werden. Die Grafik ist eine Lernskizze, keine vollständige Bindeanleitung.;bilder/praxis-0013_seemannsknoten.png;SpFV Anlage 4, III;https://www.gesetze-im-internet.de/spfv/anlage_4.html
PRAXIS-0014;Seemannsknoten;Einfacher oder doppelter Schotstek;Amtlicher Praxisteil;Vorführen und erklären;Führe den Knoten „Einfacher oder doppelter Schotstek“ vor und erkläre seine Verwendung.;"Einfacher oder doppelter Schotstek: Verbindet ungleich starke Enden; der doppelte Schotstek hält bei größerem Unterschied besser.";In der Prüfung muss der Knoten vorgeführt und seine Verwendung richtig erklärt werden. Die Grafik ist eine Lernskizze, keine vollständige Bindeanleitung.;bilder/praxis-0014_seemannsknoten.png;SpFV Anlage 4, III;https://www.gesetze-im-internet.de/spfv/anlage_4.html
PRAXIS-0015;Seemannsknoten;Stopperstek;Amtlicher Praxisteil;Vorführen und erklären;Führe den Knoten „Stopperstek“ vor und erkläre seine Verwendung.;Stopperstek: Befestigt eine Leine an einer anderen Leine und hält besonders bei Zug in einer Richtung.;In der Prüfung muss der Knoten vorgeführt und seine Verwendung richtig erklärt werden. Die Grafik ist eine Lernskizze, keine vollständige Bindeanleitung.;bilder/praxis-0015_seemannsknoten.png;SpFV Anlage 4, III;https://www.gesetze-im-internet.de/spfv/anlage_4.html
PRAXIS-0016;Seemannsknoten;Webleinstek;Amtlicher Praxisteil;Vorführen und erklären;Führe den Knoten „Webleinstek“ vor und erkläre seine Verwendung.;Webleinstek: Befestigt eine Leine kurzfristig an Poller, Stange oder Reling.;In der Prüfung muss der Knoten vorgeführt und seine Verwendung richtig erklärt werden. Die Grafik ist eine Lernskizze, keine vollständige Bindeanleitung.;bilder/praxis-0016_seemannsknoten.png;SpFV Anlage 4, III;https://www.gesetze-im-internet.de/spfv/anlage_4.html
PRAXIS-0017;Seemannsknoten;Webleinstek auf Slip;Amtlicher Praxisteil;Vorführen und erklären;Führe den Knoten „Webleinstek auf Slip“ vor und erkläre seine Verwendung.;Webleinstek auf Slip: Wie der Webleinstek, lässt sich durch Ziehen am losen Ende schnell lösen.;In der Prüfung muss der Knoten vorgeführt und seine Verwendung richtig erklärt werden. Die Grafik ist eine Lernskizze, keine vollständige Bindeanleitung.;bilder/praxis-0017_seemannsknoten.png;SpFV Anlage 4, III;https://www.gesetze-im-internet.de/spfv/anlage_4.html
PRAXIS-0018;Seemannsknoten;Rundtörn mit zwei halben Schlägen;Amtlicher Praxisteil;Vorführen und erklären;Führe den Knoten „Rundtörn mit zwei halben Schlägen“ vor und erkläre seine Verwendung.;"Rundtörn mit zwei halben Schlägen: Befestigt eine Leine sicher an Ring, Stange oder Poller; der Rundtörn nimmt Last auf.";In der Prüfung muss der Knoten vorgeführt und seine Verwendung richtig erklärt werden. Die Grafik ist eine Lernskizze, keine vollständige Bindeanleitung.;bilder/praxis-0018_seemannsknoten.png;SpFV Anlage 4, III;https://www.gesetze-im-internet.de/spfv/anlage_4.html
PRAXIS-0019;Seemannsknoten;Belegen einer Klampe mit Kopfschlag;Amtlicher Praxisteil;Vorführen und erklären;Führe den Knoten „Belegen einer Klampe mit Kopfschlag“ vor und erkläre seine Verwendung.;Belegen einer Klampe mit Kopfschlag: Belegt eine Festmacherleine sicher auf einer Klampe.;In der Prüfung muss der Knoten vorgeführt und seine Verwendung richtig erklärt werden. Die Grafik ist eine Lernskizze, keine vollständige Bindeanleitung.;bilder/praxis-0019_seemannsknoten.png;SpFV Anlage 4, III;https://www.gesetze-im-internet.de/spfv/anlage_4.html
PRAXIS-0020;Schallsignale auf See;Manöversignal;Amtlicher Praxisteil und Theorie;Bildfrage;Welche Bedeutung hat das dargestellte Schallsignal?;Ich ändere meinen Kurs nach Steuerbord.;Ein kurzer Ton dauert etwa eine Sekunde, ein langer Ton etwa vier bis sechs Sekunden.;bilder/praxis-0020_schallsignale_auf_see.png;KVR Regel 34;https://www.gesetze-im-internet.de/seestro_1972/regel_34.html
PRAXIS-0021;Schallsignale auf See;Manöversignal;Amtlicher Praxisteil und Theorie;Bildfrage;Welche Bedeutung hat das dargestellte Schallsignal?;Ich ändere meinen Kurs nach Backbord.;Ein kurzer Ton dauert etwa eine Sekunde, ein langer Ton etwa vier bis sechs Sekunden.;bilder/praxis-0021_schallsignale_auf_see.png;KVR Regel 34;https://www.gesetze-im-internet.de/seestro_1972/regel_34.html
PRAXIS-0022;Schallsignale auf See;Manöversignal;Amtlicher Praxisteil und Theorie;Bildfrage;Welche Bedeutung hat das dargestellte Schallsignal?;Ich arbeite rückwärts.;Ein kurzer Ton dauert etwa eine Sekunde, ein langer Ton etwa vier bis sechs Sekunden.;bilder/praxis-0022_schallsignale_auf_see.png;KVR Regel 34;https://www.gesetze-im-internet.de/seestro_1972/regel_34.html
PRAXIS-0023;Schallsignale auf See;Warnsignal;Ergänzendes Erkennungstraining;Bildfrage;Welche Bedeutung hat das dargestellte Schallsignal?;Warn- und Zweifelsignal: mindestens fünf kurze Töne.;Ein kurzer Ton dauert etwa eine Sekunde, ein langer Ton etwa vier bis sechs Sekunden.;bilder/praxis-0023_schallsignale_auf_see.png;KVR Regel 34;https://www.gesetze-im-internet.de/seestro_1972/regel_34.html
PRAXIS-0024;Schallsignale auf See;Überholsignal;Ergänzendes Erkennungstraining;Bildfrage;Welche Bedeutung hat das dargestellte Schallsignal?;Ich beabsichtige, Sie an Ihrer Steuerbordseite zu überholen.;Ein kurzer Ton dauert etwa eine Sekunde, ein langer Ton etwa vier bis sechs Sekunden.;bilder/praxis-0024_schallsignale_auf_see.png;KVR Regel 34;https://www.gesetze-im-internet.de/seestro_1972/regel_34.html
PRAXIS-0025;Schallsignale auf See;Überholsignal;Ergänzendes Erkennungstraining;Bildfrage;Welche Bedeutung hat das dargestellte Schallsignal?;Ich beabsichtige, Sie an Ihrer Backbordseite zu überholen.;Ein kurzer Ton dauert etwa eine Sekunde, ein langer Ton etwa vier bis sechs Sekunden.;bilder/praxis-0025_schallsignale_auf_see.png;KVR Regel 34;https://www.gesetze-im-internet.de/seestro_1972/regel_34.html
PRAXIS-0026;Schallsignale auf See;Überholsignal;Ergänzendes Erkennungstraining;Bildfrage;Welche Bedeutung hat das dargestellte Schallsignal?;Zustimmung des zu überholenden Fahrzeugs.;Ein kurzer Ton dauert etwa eine Sekunde, ein langer Ton etwa vier bis sechs Sekunden.;bilder/praxis-0026_schallsignale_auf_see.png;KVR Regel 34;https://www.gesetze-im-internet.de/seestro_1972/regel_34.html
PRAXIS-0027;Schallsignale auf See;Warnsignal;Ergänzendes Erkennungstraining;Bildfrage;Welche Bedeutung hat das dargestellte Schallsignal?;Annäherung an eine unübersichtliche Krümmung oder ein Sichthindernis.;Ein kurzer Ton dauert etwa eine Sekunde, ein langer Ton etwa vier bis sechs Sekunden.;bilder/praxis-0027_schallsignale_auf_see.png;KVR Regel 34;https://www.gesetze-im-internet.de/seestro_1972/regel_34.html
PRAXIS-0028;Schallsignale auf See;Nebelsignal;Ergänzendes Erkennungstraining;Bildfrage;Welche Bedeutung hat das dargestellte Schallsignal?;Maschinenfahrzeug macht bei verminderter Sicht Fahrt durchs Wasser.;Ein kurzer Ton dauert etwa eine Sekunde, ein langer Ton etwa vier bis sechs Sekunden.;bilder/praxis-0028_schallsignale_auf_see.png;KVR Regel 35;https://www.gesetze-im-internet.de/seestro_1972/regel_35.html
PRAXIS-0029;Schallsignale auf See;Nebelsignal;Ergänzendes Erkennungstraining;Bildfrage;Welche Bedeutung hat das dargestellte Schallsignal?;Maschinenfahrzeug in Fahrt, Maschine gestoppt, keine Fahrt durchs Wasser.;Ein kurzer Ton dauert etwa eine Sekunde, ein langer Ton etwa vier bis sechs Sekunden.;bilder/praxis-0029_schallsignale_auf_see.png;KVR Regel 35;https://www.gesetze-im-internet.de/seestro_1972/regel_35.html
PRAXIS-0030;Schallsignale auf See;Nebelsignal;Ergänzendes Erkennungstraining;Bildfrage;Welche Bedeutung hat das dargestellte Schallsignal?;Manövrierunfähig, manövrierbehindert, tiefgangbehindert, Segelfahrzeug, Fischer oder Schlepp-/Schubfahrzeug bei verminderter Sicht.;Ein kurzer Ton dauert etwa eine Sekunde, ein langer Ton etwa vier bis sechs Sekunden.;bilder/praxis-0030_schallsignale_auf_see.png;KVR Regel 35;https://www.gesetze-im-internet.de/seestro_1972/regel_35.html
PRAXIS-0031;Schallsignale auf See;Nebelsignal;Ergänzendes Erkennungstraining;Bildfrage;Welche Bedeutung hat das dargestellte Schallsignal?;Bemanntes geschlepptes Fahrzeug oder letztes Fahrzeug eines Schleppzugs.;Ein kurzer Ton dauert etwa eine Sekunde, ein langer Ton etwa vier bis sechs Sekunden.;bilder/praxis-0031_schallsignale_auf_see.png;KVR Regel 35;https://www.gesetze-im-internet.de/seestro_1972/regel_35.html
PRAXIS-0032;Schallsignale auf See;Nebelsignal;Ergänzendes Erkennungstraining;Bildfrage;Welche Bedeutung hat das dargestellte Schallsignal?;Fahrzeug vor Anker.;Ein kurzer Ton dauert etwa eine Sekunde, ein langer Ton etwa vier bis sechs Sekunden.;bilder/praxis-0032_schallsignale_auf_see.png;KVR Regel 35;https://www.gesetze-im-internet.de/seestro_1972/regel_35.html
PRAXIS-0033;Schallsignale auf See;Nebelsignal;Ergänzendes Erkennungstraining;Bildfrage;Welche Bedeutung hat das dargestellte Schallsignal?;Fahrzeug auf Grund.;Ein kurzer Ton dauert etwa eine Sekunde, ein langer Ton etwa vier bis sechs Sekunden.;bilder/praxis-0033_schallsignale_auf_see.png;KVR Regel 35;https://www.gesetze-im-internet.de/seestro_1972/regel_35.html
PRAXIS-0034;Schallsignale auf See;Erkennungssignal;Ergänzendes Erkennungstraining;Bildfrage;Welche Bedeutung hat das dargestellte Schallsignal?;Zusätzliches Erkennungssignal eines Lotsenfahrzeugs im Lotsdienst.;Ein kurzer Ton dauert etwa eine Sekunde, ein langer Ton etwa vier bis sechs Sekunden.;bilder/praxis-0034_schallsignale_auf_see.png;KVR Regel 35;https://www.gesetze-im-internet.de/seestro_1972/regel_35.html
PRAXIS-0035;Zeichen auf See;Überholverbot;Ergänzendes Erkennungstraining;Bildfrage;Was bedeutet das dargestellte Schifffahrtszeichen?;Überholverbot: Zwei senkrechte Pfeile mit rotem Schrägstrich: Überholen verboten.;"Die Grafik ist eine eigenständig erstellte Lernskizze; maßgeblich ist die amtliche Beschreibung.";bilder/praxis-0035_zeichen_auf_see.png;SeeSchStrO Anlage I;https://www.gesetze-im-internet.de/seeschstro_1971/anlage_i.html
PRAXIS-0036;Zeichen auf See;Begegnungsverbot an Engstellen;Ergänzendes Erkennungstraining;Bildfrage;Was bedeutet das dargestellte Schifffahrtszeichen?;Begegnungsverbot an Engstellen: Entgegengesetzte Pfeile mit rotem Schrägstrich: Begegnen verboten.;"Die Grafik ist eine eigenständig erstellte Lernskizze; maßgeblich ist die amtliche Beschreibung.";bilder/praxis-0036_zeichen_auf_see.png;SeeSchStrO Anlage I;https://www.gesetze-im-internet.de/seeschstro_1971/anlage_i.html
PRAXIS-0037;Zeichen auf See;Geschwindigkeitsbeschränkung;Ergänzendes Erkennungstraining;Bildfrage;Was bedeutet das dargestellte Schifffahrtszeichen?;Geschwindigkeitsbeschränkung: Die angegebene Höchstgeschwindigkeit darf nicht überschritten werden.;"Die Grafik ist eine eigenständig erstellte Lernskizze; maßgeblich ist die amtliche Beschreibung.";bilder/praxis-0037_zeichen_auf_see.png;SeeSchStrO Anlage I;https://www.gesetze-im-internet.de/seeschstro_1971/anlage_i.html
PRAXIS-0038;Zeichen auf See;Sog und Wellenschlag vermeiden;Ergänzendes Erkennungstraining;Bildfrage;Was bedeutet das dargestellte Schifffahrtszeichen?;Sog und Wellenschlag vermeiden: So langsam fahren, dass keine Gefährdung durch Sog oder Wellenschlag entsteht.;"Die Grafik ist eine eigenständig erstellte Lernskizze; maßgeblich ist die amtliche Beschreibung.";bilder/praxis-0038_zeichen_auf_see.png;SeeSchStrO Anlage I;https://www.gesetze-im-internet.de/seeschstro_1971/anlage_i.html
PRAXIS-0039;Zeichen auf See;Mindestabstand;Ergänzendes Erkennungstraining;Bildfrage;Was bedeutet das dargestellte Schifffahrtszeichen?;Mindestabstand: Den auf der Tafel angegebenen Abstand einhalten.;"Die Grafik ist eine eigenständig erstellte Lernskizze; maßgeblich ist die amtliche Beschreibung.";bilder/praxis-0039_zeichen_auf_see.png;SeeSchStrO Anlage I;https://www.gesetze-im-internet.de/seeschstro_1971/anlage_i.html
PRAXIS-0040;Zeichen auf See;Anhalten;Ergänzendes Erkennungstraining;Bildfrage;Was bedeutet das dargestellte Schifffahrtszeichen?;Anhalten: Vor Brücke, Sperrwerk oder Schleuse anhalten, solange die Durchfahrt nicht freigegeben ist.;"Die Grafik ist eine eigenständig erstellte Lernskizze; maßgeblich ist die amtliche Beschreibung.";bilder/praxis-0040_zeichen_auf_see.png;SeeSchStrO Anlage I;https://www.gesetze-im-internet.de/seeschstro_1971/anlage_i.html
PRAXIS-0041;Zeichen auf See;Ankerverbot;Ergänzendes Erkennungstraining;Bildfrage;Was bedeutet das dargestellte Schifffahrtszeichen?;Ankerverbot: Ankern und Schleifenlassen von Ankern, Trossen oder Ketten verboten.;"Die Grafik ist eine eigenständig erstellte Lernskizze; maßgeblich ist die amtliche Beschreibung.";bilder/praxis-0041_zeichen_auf_see.png;SeeSchStrO Anlage I;https://www.gesetze-im-internet.de/seeschstro_1971/anlage_i.html
PRAXIS-0042;Zeichen auf See;Festmacheverbot;Ergänzendes Erkennungstraining;Bildfrage;Was bedeutet das dargestellte Schifffahrtszeichen?;Festmacheverbot: An diesem Ufer darf nicht festgemacht werden.;"Die Grafik ist eine eigenständig erstellte Lernskizze; maßgeblich ist die amtliche Beschreibung.";bilder/praxis-0042_zeichen_auf_see.png;SeeSchStrO Anlage I;https://www.gesetze-im-internet.de/seeschstro_1971/anlage_i.html
PRAXIS-0043;Zeichen auf See;Liegeverbot;Ergänzendes Erkennungstraining;Bildfrage;Was bedeutet das dargestellte Schifffahrtszeichen?;Liegeverbot: Auf dieser Seite darf nicht geankert oder festgemacht werden.;"Die Grafik ist eine eigenständig erstellte Lernskizze; maßgeblich ist die amtliche Beschreibung.";bilder/praxis-0043_zeichen_auf_see.png;SeeSchStrO Anlage I;https://www.gesetze-im-internet.de/seeschstro_1971/anlage_i.html
PRAXIS-0044;Zeichen auf See;Fahrtrichtung;Ergänzendes Erkennungstraining;Bildfrage;Was bedeutet das dargestellte Schifffahrtszeichen?;Fahrtrichtung: Die durch den Pfeil angezeigte Fahrtrichtung ist einzuhalten.;"Die Grafik ist eine eigenständig erstellte Lernskizze; maßgeblich ist die amtliche Beschreibung.";bilder/praxis-0044_zeichen_auf_see.png;SeeSchStrO Anlage I;https://www.gesetze-im-internet.de/seeschstro_1971/anlage_i.html
PRAXIS-0045;Zeichen auf See;Schallsignal geben;Ergänzendes Erkennungstraining;Bildfrage;Was bedeutet das dargestellte Schifffahrtszeichen?;Schallsignal geben: Das auf einer Zusatztafel angegebene Schallsignal ist abzugeben.;"Die Grafik ist eine eigenständig erstellte Lernskizze; maßgeblich ist die amtliche Beschreibung.";bilder/praxis-0045_zeichen_auf_see.png;SeeSchStrO Anlage I;https://www.gesetze-im-internet.de/seeschstro_1971/anlage_i.html
PRAXIS-0046;Zeichen auf See;Ende einer Gebots- oder Verbotsstrecke;Ergänzendes Erkennungstraining;Bildfrage;Was bedeutet das dargestellte Schifffahrtszeichen?;Ende einer Gebots- oder Verbotsstrecke: Die vorherige Gebots- oder Verbotsstrecke endet.;"Die Grafik ist eine eigenständig erstellte Lernskizze; maßgeblich ist die amtliche Beschreibung.";bilder/praxis-0046_zeichen_auf_see.png;SeeSchStrO Anlage I;https://www.gesetze-im-internet.de/seeschstro_1971/anlage_i.html
PRAXIS-0047;Zeichen auf See;Fahrverbot;Ergänzendes Erkennungstraining;Bildfrage;Was bedeutet das dargestellte Schifffahrtszeichen?;Fahrverbot: Ein oder zwei rote Lichter: Durchfahrt gesperrt.;"Die Grafik ist eine eigenständig erstellte Lernskizze; maßgeblich ist die amtliche Beschreibung.";bilder/praxis-0047_zeichen_auf_see.png;SeeSchStrO Anlage I;https://www.gesetze-im-internet.de/seeschstro_1971/anlage_i.html
PRAXIS-0048;Zeichen auf See;Fahrt frei;Ergänzendes Erkennungstraining;Bildfrage;Was bedeutet das dargestellte Schifffahrtszeichen?;Fahrt frei: Ein oder zwei grüne Lichter: Durchfahrt freigegeben.;"Die Grafik ist eine eigenständig erstellte Lernskizze; maßgeblich ist die amtliche Beschreibung.";bilder/praxis-0048_zeichen_auf_see.png;SeeSchStrO Anlage I;https://www.gesetze-im-internet.de/seeschstro_1971/anlage_i.html
PRAXIS-0049;Zeichen auf See;Backbord-Fahrwasserseite;Ergänzendes Erkennungstraining;Bildfrage;Was bedeutet das dargestellte Schifffahrtszeichen?;Backbord-Fahrwasserseite: Rote, stumpfe Tonne: bezeichnet in Betonnungsregion A die Backbordseite des Fahrwassers.;"Die Grafik ist eine eigenständig erstellte Lernskizze; maßgeblich ist die amtliche Beschreibung.";bilder/praxis-0049_zeichen_auf_see.png;SeeSchStrO Anlage I;https://www.gesetze-im-internet.de/seeschstro_1971/anlage_i.html
PRAXIS-0050;Zeichen auf See;Steuerbord-Fahrwasserseite;Ergänzendes Erkennungstraining;Bildfrage;Was bedeutet das dargestellte Schifffahrtszeichen?;Steuerbord-Fahrwasserseite: Grüne Spitztonne: bezeichnet in Betonnungsregion A die Steuerbordseite des Fahrwassers.;"Die Grafik ist eine eigenständig erstellte Lernskizze; maßgeblich ist die amtliche Beschreibung.";bilder/praxis-0050_zeichen_auf_see.png;SeeSchStrO Anlage I;https://www.gesetze-im-internet.de/seeschstro_1971/anlage_i.html
PRAXIS-0051;Zeichen auf See;Nord-Kardinalzeichen;Ergänzendes Erkennungstraining;Bildfrage;Was bedeutet das dargestellte Schifffahrtszeichen?;"Nord-Kardinalzeichen: Sicheres Wasser liegt nördlich des Zeichens; zwei Kegelspitzen zeigen nach oben.";"Die Grafik ist eine eigenständig erstellte Lernskizze; maßgeblich ist die amtliche Beschreibung.";bilder/praxis-0051_zeichen_auf_see.png;SeeSchStrO Anlage I;https://www.gesetze-im-internet.de/seeschstro_1971/anlage_i.html
PRAXIS-0052;Zeichen auf See;Ost-Kardinalzeichen;Ergänzendes Erkennungstraining;Bildfrage;Was bedeutet das dargestellte Schifffahrtszeichen?;"Ost-Kardinalzeichen: Sicheres Wasser liegt östlich; Kegelspitzen zeigen voneinander weg.";"Die Grafik ist eine eigenständig erstellte Lernskizze; maßgeblich ist die amtliche Beschreibung.";bilder/praxis-0052_zeichen_auf_see.png;SeeSchStrO Anlage I;https://www.gesetze-im-internet.de/seeschstro_1971/anlage_i.html
PRAXIS-0053;Zeichen auf See;Süd-Kardinalzeichen;Ergänzendes Erkennungstraining;Bildfrage;Was bedeutet das dargestellte Schifffahrtszeichen?;"Süd-Kardinalzeichen: Sicheres Wasser liegt südlich; zwei Kegelspitzen zeigen nach unten.";"Die Grafik ist eine eigenständig erstellte Lernskizze; maßgeblich ist die amtliche Beschreibung.";bilder/praxis-0053_zeichen_auf_see.png;SeeSchStrO Anlage I;https://www.gesetze-im-internet.de/seeschstro_1971/anlage_i.html
PRAXIS-0054;Zeichen auf See;West-Kardinalzeichen;Ergänzendes Erkennungstraining;Bildfrage;Was bedeutet das dargestellte Schifffahrtszeichen?;"West-Kardinalzeichen: Sicheres Wasser liegt westlich; Kegelspitzen zeigen zueinander.";"Die Grafik ist eine eigenständig erstellte Lernskizze; maßgeblich ist die amtliche Beschreibung.";bilder/praxis-0054_zeichen_auf_see.png;SeeSchStrO Anlage I;https://www.gesetze-im-internet.de/seeschstro_1971/anlage_i.html
PRAXIS-0055;Zeichen auf See;Einzelgefahrenstelle;Ergänzendes Erkennungstraining;Bildfrage;Was bedeutet das dargestellte Schifffahrtszeichen?;Einzelgefahrenstelle: Schwarz-rote Tonne mit zwei schwarzen Bällen: Gefahr mit rundum befahrbarem Wasser.;"Die Grafik ist eine eigenständig erstellte Lernskizze; maßgeblich ist die amtliche Beschreibung.";bilder/praxis-0055_zeichen_auf_see.png;SeeSchStrO Anlage I;https://www.gesetze-im-internet.de/seeschstro_1971/anlage_i.html
PRAXIS-0056;Zeichen auf See;Mitte-Fahrwasser-/Ansteuerungstonne;Ergänzendes Erkennungstraining;Bildfrage;Was bedeutet das dargestellte Schifffahrtszeichen?;Mitte-Fahrwasser-/Ansteuerungstonne: Rot-weiß senkrecht gestreift: sicheres Wasser rundum.;"Die Grafik ist eine eigenständig erstellte Lernskizze; maßgeblich ist die amtliche Beschreibung.";bilder/praxis-0056_zeichen_auf_see.png;SeeSchStrO Anlage I;https://www.gesetze-im-internet.de/seeschstro_1971/anlage_i.html
PRAXIS-0057;Zeichen auf See;Sonderzeichen;Ergänzendes Erkennungstraining;Bildfrage;Was bedeutet das dargestellte Schifffahrtszeichen?;Sonderzeichen: Gelbes Zeichen mit gelbem liegendem Kreuz: kennzeichnet ein besonderes Gebiet oder Objekt.;"Die Grafik ist eine eigenständig erstellte Lernskizze; maßgeblich ist die amtliche Beschreibung.";bilder/praxis-0057_zeichen_auf_see.png;SeeSchStrO Anlage I;https://www.gesetze-im-internet.de/seeschstro_1971/anlage_i.html
PRAXIS-0058;Lichter an Seefahrzeugen;Maschinenfahrzeug unter 50 m, von vorn;Ergänzendes Erkennungstraining;Bildfrage;Welches Fahrzeug beziehungsweise Tagzeichen ist dargestellt?;Maschinenfahrzeug unter 50 m, von vorn: Ein weißes Topplicht, rote und grüne Seitenlichter.;"Darstellung aus der Blickrichtung der Lernkarte; in der Praxis hängt die Sichtbarkeit einzelner Lichter vom Blickwinkel ab.";bilder/praxis-0058_lichter_an_seefahrzeugen.png;KVR Regeln 20 bis 30;https://www.gesetze-im-internet.de/seestro_1972/regel_20.html
PRAXIS-0059;Lichter an Seefahrzeugen;Maschinenfahrzeug ab 50 m, von vorn;Ergänzendes Erkennungstraining;Bildfrage;Welches Fahrzeug beziehungsweise Tagzeichen ist dargestellt?;"Maschinenfahrzeug ab 50 m, von vorn: Zwei weiße Topplichter, das hintere höher; rote und grüne Seitenlichter.";"Darstellung aus der Blickrichtung der Lernkarte; in der Praxis hängt die Sichtbarkeit einzelner Lichter vom Blickwinkel ab.";bilder/praxis-0059_lichter_an_seefahrzeugen.png;KVR Regeln 20 bis 30;https://www.gesetze-im-internet.de/seestro_1972/regel_20.html
PRAXIS-0060;Lichter an Seefahrzeugen;Maschinenfahrzeug, von achtern;Ergänzendes Erkennungstraining;Bildfrage;Welches Fahrzeug beziehungsweise Tagzeichen ist dargestellt?;Maschinenfahrzeug, von achtern: Ein weißes Hecklicht.;"Darstellung aus der Blickrichtung der Lernkarte; in der Praxis hängt die Sichtbarkeit einzelner Lichter vom Blickwinkel ab.";bilder/praxis-0060_lichter_an_seefahrzeugen.png;KVR Regeln 20 bis 30;https://www.gesetze-im-internet.de/seestro_1972/regel_20.html
PRAXIS-0061;Lichter an Seefahrzeugen;Segelfahrzeug in Fahrt;Ergänzendes Erkennungstraining;Bildfrage;Welches Fahrzeug beziehungsweise Tagzeichen ist dargestellt?;"Segelfahrzeug in Fahrt: Rotes und grünes Seitenlicht sowie weißes Hecklicht; von vorn sind rot und grün sichtbar.";"Darstellung aus der Blickrichtung der Lernkarte; in der Praxis hängt die Sichtbarkeit einzelner Lichter vom Blickwinkel ab.";bilder/praxis-0061_lichter_an_seefahrzeugen.png;KVR Regeln 20 bis 30;https://www.gesetze-im-internet.de/seestro_1972/regel_20.html
PRAXIS-0062;Lichter an Seefahrzeugen;Segelfahrzeug mit freiwilligen Rundumlichtern;Ergänzendes Erkennungstraining;Bildfrage;Welches Fahrzeug beziehungsweise Tagzeichen ist dargestellt?;Segelfahrzeug mit freiwilligen Rundumlichtern: Rot über Grün zusätzlich zu den vorgeschriebenen Seiten- und Hecklichtern.;"Darstellung aus der Blickrichtung der Lernkarte; in der Praxis hängt die Sichtbarkeit einzelner Lichter vom Blickwinkel ab.";bilder/praxis-0062_lichter_an_seefahrzeugen.png;KVR Regeln 20 bis 30;https://www.gesetze-im-internet.de/seestro_1972/regel_20.html
PRAXIS-0063;Lichter an Seefahrzeugen;Schleppendes Fahrzeug, Schleppzug bis 200 m;Ergänzendes Erkennungstraining;Bildfrage;Welches Fahrzeug beziehungsweise Tagzeichen ist dargestellt?;Schleppendes Fahrzeug, Schleppzug bis 200 m: Zwei weiße Topplichter senkrecht, Seitenlichter, Hecklicht und gelbes Schlepplicht über dem Hecklicht.;"Darstellung aus der Blickrichtung der Lernkarte; in der Praxis hängt die Sichtbarkeit einzelner Lichter vom Blickwinkel ab.";bilder/praxis-0063_lichter_an_seefahrzeugen.png;KVR Regeln 20 bis 30;https://www.gesetze-im-internet.de/seestro_1972/regel_20.html
PRAXIS-0064;Lichter an Seefahrzeugen;Schleppendes Fahrzeug, Schleppzug über 200 m;Ergänzendes Erkennungstraining;Bildfrage;Welches Fahrzeug beziehungsweise Tagzeichen ist dargestellt?;"Schleppendes Fahrzeug, Schleppzug über 200 m: Drei weiße Topplichter senkrecht; zusätzlich Rhombus am Tag.";"Darstellung aus der Blickrichtung der Lernkarte; in der Praxis hängt die Sichtbarkeit einzelner Lichter vom Blickwinkel ab.";bilder/praxis-0064_lichter_an_seefahrzeugen.png;KVR Regeln 20 bis 30;https://www.gesetze-im-internet.de/seestro_1972/regel_20.html
PRAXIS-0065;Lichter an Seefahrzeugen;Manövrierunfähiges Fahrzeug;Ergänzendes Erkennungstraining;Bildfrage;Welches Fahrzeug beziehungsweise Tagzeichen ist dargestellt?;"Manövrierunfähiges Fahrzeug: Zwei rote Rundumlichter senkrecht; bei Fahrt durchs Wasser zusätzlich Fahrtlichter.";"Darstellung aus der Blickrichtung der Lernkarte; in der Praxis hängt die Sichtbarkeit einzelner Lichter vom Blickwinkel ab.";bilder/praxis-0065_lichter_an_seefahrzeugen.png;KVR Regeln 20 bis 30;https://www.gesetze-im-internet.de/seestro_1972/regel_20.html
PRAXIS-0066;Lichter an Seefahrzeugen;Manövrierbehindertes Fahrzeug;Ergänzendes Erkennungstraining;Bildfrage;Welches Fahrzeug beziehungsweise Tagzeichen ist dargestellt?;"Manövrierbehindertes Fahrzeug: Rot-Weiß-Rot senkrecht; bei Fahrt durchs Wasser zusätzlich Fahrtlichter.";"Darstellung aus der Blickrichtung der Lernkarte; in der Praxis hängt die Sichtbarkeit einzelner Lichter vom Blickwinkel ab.";bilder/praxis-0066_lichter_an_seefahrzeugen.png;KVR Regeln 20 bis 30;https://www.gesetze-im-internet.de/seestro_1972/regel_20.html
PRAXIS-0067;Lichter an Seefahrzeugen;Tiefgangbehindertes Fahrzeug;Ergänzendes Erkennungstraining;Bildfrage;Welches Fahrzeug beziehungsweise Tagzeichen ist dargestellt?;"Tiefgangbehindertes Fahrzeug: Drei rote Rundumlichter senkrecht; Fahrtlichter zusätzlich.";"Darstellung aus der Blickrichtung der Lernkarte; in der Praxis hängt die Sichtbarkeit einzelner Lichter vom Blickwinkel ab.";bilder/praxis-0067_lichter_an_seefahrzeugen.png;KVR Regeln 20 bis 30;https://www.gesetze-im-internet.de/seestro_1972/regel_20.html
PRAXIS-0068;Lichter an Seefahrzeugen;Fischendes Fahrzeug, nicht trawlend;Ergänzendes Erkennungstraining;Bildfrage;Welches Fahrzeug beziehungsweise Tagzeichen ist dargestellt?;"Fischendes Fahrzeug, nicht trawlend: Rot über Weiß; bei Fahrt durchs Wasser zusätzlich Fahrtlichter.";"Darstellung aus der Blickrichtung der Lernkarte; in der Praxis hängt die Sichtbarkeit einzelner Lichter vom Blickwinkel ab.";bilder/praxis-0068_lichter_an_seefahrzeugen.png;KVR Regeln 20 bis 30;https://www.gesetze-im-internet.de/seestro_1972/regel_20.html
PRAXIS-0069;Lichter an Seefahrzeugen;Trawler;Ergänzendes Erkennungstraining;Bildfrage;Welches Fahrzeug beziehungsweise Tagzeichen ist dargestellt?;"Trawler: Grün über Weiß; bei Fahrt durchs Wasser zusätzlich Fahrtlichter.";"Darstellung aus der Blickrichtung der Lernkarte; in der Praxis hängt die Sichtbarkeit einzelner Lichter vom Blickwinkel ab.";bilder/praxis-0069_lichter_an_seefahrzeugen.png;KVR Regeln 20 bis 30;https://www.gesetze-im-internet.de/seestro_1972/regel_20.html
PRAXIS-0070;Lichter an Seefahrzeugen;Lotsenfahrzeug im Lotsdienst;Ergänzendes Erkennungstraining;Bildfrage;Welches Fahrzeug beziehungsweise Tagzeichen ist dargestellt?;"Lotsenfahrzeug im Lotsdienst: Weiß über Rot; bei Fahrt zusätzlich Seiten- und Hecklichter.";"Darstellung aus der Blickrichtung der Lernkarte; in der Praxis hängt die Sichtbarkeit einzelner Lichter vom Blickwinkel ab.";bilder/praxis-0070_lichter_an_seefahrzeugen.png;KVR Regeln 20 bis 30;https://www.gesetze-im-internet.de/seestro_1972/regel_20.html
PRAXIS-0071;Lichter an Seefahrzeugen;Fahrzeug vor Anker unter 50 m;Ergänzendes Erkennungstraining;Bildfrage;Welches Fahrzeug beziehungsweise Tagzeichen ist dargestellt?;Fahrzeug vor Anker unter 50 m: Ein weißes Rundumlicht.;"Darstellung aus der Blickrichtung der Lernkarte; in der Praxis hängt die Sichtbarkeit einzelner Lichter vom Blickwinkel ab.";bilder/praxis-0071_lichter_an_seefahrzeugen.png;KVR Regeln 20 bis 30;https://www.gesetze-im-internet.de/seestro_1972/regel_20.html
PRAXIS-0072;Lichter an Seefahrzeugen;Fahrzeug vor Anker ab 50 m;Ergänzendes Erkennungstraining;Bildfrage;Welches Fahrzeug beziehungsweise Tagzeichen ist dargestellt?;Fahrzeug vor Anker ab 50 m: Vorn weißes Rundumlicht höher, achtern weißes Rundumlicht niedriger.;"Darstellung aus der Blickrichtung der Lernkarte; in der Praxis hängt die Sichtbarkeit einzelner Lichter vom Blickwinkel ab.";bilder/praxis-0072_lichter_an_seefahrzeugen.png;KVR Regeln 20 bis 30;https://www.gesetze-im-internet.de/seestro_1972/regel_20.html
PRAXIS-0073;Lichter an Seefahrzeugen;Fahrzeug auf Grund;Ergänzendes Erkennungstraining;Bildfrage;Welches Fahrzeug beziehungsweise Tagzeichen ist dargestellt?;Fahrzeug auf Grund: Ankerlichter plus zwei rote Rundumlichter senkrecht.;"Darstellung aus der Blickrichtung der Lernkarte; in der Praxis hängt die Sichtbarkeit einzelner Lichter vom Blickwinkel ab.";bilder/praxis-0073_lichter_an_seefahrzeugen.png;KVR Regeln 20 bis 30;https://www.gesetze-im-internet.de/seestro_1972/regel_20.html
PRAXIS-0074;Lichter an Seefahrzeugen;Bagger mit freier Durchfahrt an einer Seite;Ergänzendes Erkennungstraining;Bildfrage;Welches Fahrzeug beziehungsweise Tagzeichen ist dargestellt?;"Bagger mit freier Durchfahrt an einer Seite: Rot-Weiß-Rot für manövrierbehindert; zwei grüne Rundumlichter an der passierbaren Seite.";"Darstellung aus der Blickrichtung der Lernkarte; in der Praxis hängt die Sichtbarkeit einzelner Lichter vom Blickwinkel ab.";bilder/praxis-0074_lichter_an_seefahrzeugen.png;KVR Regeln 20 bis 30;https://www.gesetze-im-internet.de/seestro_1972/regel_20.html
PRAXIS-0075;Lichter an Seefahrzeugen;Bagger mit gesperrter Seite;Ergänzendes Erkennungstraining;Bildfrage;Welches Fahrzeug beziehungsweise Tagzeichen ist dargestellt?;"Bagger mit gesperrter Seite: Rot-Weiß-Rot; zwei rote Rundumlichter an der gesperrten Seite.";"Darstellung aus der Blickrichtung der Lernkarte; in der Praxis hängt die Sichtbarkeit einzelner Lichter vom Blickwinkel ab.";bilder/praxis-0075_lichter_an_seefahrzeugen.png;KVR Regeln 20 bis 30;https://www.gesetze-im-internet.de/seestro_1972/regel_20.html
PRAXIS-0076;Lichter an Seefahrzeugen;Minenräumfahrzeug;Ergänzendes Erkennungstraining;Bildfrage;Welches Fahrzeug beziehungsweise Tagzeichen ist dargestellt?;Minenräumfahrzeug: Drei grüne Rundumlichter: eines nahe Masttopp, je eines an den Rahnocken.;"Darstellung aus der Blickrichtung der Lernkarte; in der Praxis hängt die Sichtbarkeit einzelner Lichter vom Blickwinkel ab.";bilder/praxis-0076_lichter_an_seefahrzeugen.png;KVR Regeln 20 bis 30;https://www.gesetze-im-internet.de/seestro_1972/regel_20.html
PRAXIS-0077;Lichter an Seefahrzeugen;Schubverband als zusammengesetzte Einheit;Ergänzendes Erkennungstraining;Bildfrage;Welches Fahrzeug beziehungsweise Tagzeichen ist dargestellt?;Schubverband als zusammengesetzte Einheit: Wird wie ein Maschinenfahrzeug behandelt.;"Darstellung aus der Blickrichtung der Lernkarte; in der Praxis hängt die Sichtbarkeit einzelner Lichter vom Blickwinkel ab.";bilder/praxis-0077_lichter_an_seefahrzeugen.png;KVR Regeln 20 bis 30;https://www.gesetze-im-internet.de/seestro_1972/regel_20.html
PRAXIS-0078;Lichter an Seefahrzeugen;Tagzeichen manövrierunfähig;Ergänzendes Erkennungstraining;Bildfrage;Welches Fahrzeug beziehungsweise Tagzeichen ist dargestellt?;Tagzeichen manövrierunfähig: Zwei schwarze Bälle senkrecht.;"Darstellung aus der Blickrichtung der Lernkarte; in der Praxis hängt die Sichtbarkeit einzelner Lichter vom Blickwinkel ab.";bilder/praxis-0078_lichter_an_seefahrzeugen.png;KVR Regeln 20 bis 30;https://www.gesetze-im-internet.de/seestro_1972/regel_20.html
PRAXIS-0079;Lichter an Seefahrzeugen;Tagzeichen manövrierbehindert;Ergänzendes Erkennungstraining;Bildfrage;Welches Fahrzeug beziehungsweise Tagzeichen ist dargestellt?;Tagzeichen manövrierbehindert: Ball-Rhombus-Ball senkrecht.;"Darstellung aus der Blickrichtung der Lernkarte; in der Praxis hängt die Sichtbarkeit einzelner Lichter vom Blickwinkel ab.";bilder/praxis-0079_lichter_an_seefahrzeugen.png;KVR Regeln 20 bis 30;https://www.gesetze-im-internet.de/seestro_1972/regel_20.html
PRAXIS-0080;Lichter an Seefahrzeugen;Tagzeichen tiefgangbehindert;Ergänzendes Erkennungstraining;Bildfrage;Welches Fahrzeug beziehungsweise Tagzeichen ist dargestellt?;Tagzeichen tiefgangbehindert: Schwarzer Zylinder.;"Darstellung aus der Blickrichtung der Lernkarte; in der Praxis hängt die Sichtbarkeit einzelner Lichter vom Blickwinkel ab.";bilder/praxis-0080_lichter_an_seefahrzeugen.png;KVR Regeln 20 bis 30;https://www.gesetze-im-internet.de/seestro_1972/regel_20.html
PRAXIS-0081;Lichter an Seefahrzeugen;Tagzeichen vor Anker;Ergänzendes Erkennungstraining;Bildfrage;Welches Fahrzeug beziehungsweise Tagzeichen ist dargestellt?;Tagzeichen vor Anker: Ein schwarzer Ball.;"Darstellung aus der Blickrichtung der Lernkarte; in der Praxis hängt die Sichtbarkeit einzelner Lichter vom Blickwinkel ab.";bilder/praxis-0081_lichter_an_seefahrzeugen.png;KVR Regeln 20 bis 30;https://www.gesetze-im-internet.de/seestro_1972/regel_20.html
PRAXIS-0082;Lichter an Seefahrzeugen;Tagzeichen auf Grund;Ergänzendes Erkennungstraining;Bildfrage;Welches Fahrzeug beziehungsweise Tagzeichen ist dargestellt?;Tagzeichen auf Grund: Drei schwarze Bälle senkrecht.;"Darstellung aus der Blickrichtung der Lernkarte; in der Praxis hängt die Sichtbarkeit einzelner Lichter vom Blickwinkel ab.";bilder/praxis-0082_lichter_an_seefahrzeugen.png;KVR Regeln 20 bis 30;https://www.gesetze-im-internet.de/seestro_1972/regel_20.html
PRAXIS-0083;Lichter an Seefahrzeugen;Tagzeichen Schleppzug über 200 m;Ergänzendes Erkennungstraining;Bildfrage;Welches Fahrzeug beziehungsweise Tagzeichen ist dargestellt?;Tagzeichen Schleppzug über 200 m: Ein schwarzer Rhombus.;"Darstellung aus der Blickrichtung der Lernkarte; in der Praxis hängt die Sichtbarkeit einzelner Lichter vom Blickwinkel ab.";bilder/praxis-0083_lichter_an_seefahrzeugen.png;KVR Regeln 20 bis 30;https://www.gesetze-im-internet.de/seestro_1972/regel_20.html
PRAXIS-0084;Feuerarten auf Seekarten;Festfeuer;Ergänzendes Navigationstraining;Bildfrage;Erkläre die dargestellte Feuerkennung und ihr zeitliches Verhalten.;F / F.: Festfeuer. Das Licht leuchtet ununterbrochen.;Die Lernskizze zeigt das zeitliche Prinzip, nicht die maßstäbliche Dauer einer konkreten Anlage.;bilder/praxis-0084_feuerarten_auf_seekarten.png;SeeSchStrO Anlage I, Vorbemerkung Feuer;https://www.gesetze-im-internet.de/seeschstro_1971/anlage_i.html
PRAXIS-0085;Feuerarten auf Seekarten;Unterbrochenes Feuer;Ergänzendes Navigationstraining;Bildfrage;Erkläre die dargestellte Feuerkennung und ihr zeitliches Verhalten.;Oc / Ubr.: Unterbrochenes Feuer. Die Lichtdauer ist länger als die Dunkelphase.;Die Lernskizze zeigt das zeitliche Prinzip, nicht die maßstäbliche Dauer einer konkreten Anlage.;bilder/praxis-0085_feuerarten_auf_seekarten.png;SeeSchStrO Anlage I, Vorbemerkung Feuer;https://www.gesetze-im-internet.de/seeschstro_1971/anlage_i.html
PRAXIS-0086;Feuerarten auf Seekarten;Gleichtaktfeuer;Ergänzendes Navigationstraining;Bildfrage;Erkläre die dargestellte Feuerkennung und ihr zeitliches Verhalten.;Iso / Glt.: Gleichtaktfeuer. Licht- und Dunkelphase sind gleich lang.;Die Lernskizze zeigt das zeitliche Prinzip, nicht die maßstäbliche Dauer einer konkreten Anlage.;bilder/praxis-0086_feuerarten_auf_seekarten.png;SeeSchStrO Anlage I, Vorbemerkung Feuer;https://www.gesetze-im-internet.de/seeschstro_1971/anlage_i.html
PRAXIS-0087;Feuerarten auf Seekarten;Blitzfeuer;Ergänzendes Navigationstraining;Bildfrage;Erkläre die dargestellte Feuerkennung und ihr zeitliches Verhalten.;Fl / Blz.: Blitzfeuer. Kurzer Lichtschein, längere Dunkelphase.;Die Lernskizze zeigt das zeitliche Prinzip, nicht die maßstäbliche Dauer einer konkreten Anlage.;bilder/praxis-0087_feuerarten_auf_seekarten.png;SeeSchStrO Anlage I, Vorbemerkung Feuer;https://www.gesetze-im-internet.de/seeschstro_1971/anlage_i.html
PRAXIS-0088;Feuerarten auf Seekarten;Blinkfeuer;Ergänzendes Navigationstraining;Bildfrage;Erkläre die dargestellte Feuerkennung und ihr zeitliches Verhalten.;LFl / Blk.: Blinkfeuer. Lichterscheinung länger als zwei Sekunden, danach Dunkelphase.;Die Lernskizze zeigt das zeitliche Prinzip, nicht die maßstäbliche Dauer einer konkreten Anlage.;bilder/praxis-0088_feuerarten_auf_seekarten.png;SeeSchStrO Anlage I, Vorbemerkung Feuer;https://www.gesetze-im-internet.de/seeschstro_1971/anlage_i.html
PRAXIS-0089;Feuerarten auf Seekarten;Funkelfeuer;Ergänzendes Navigationstraining;Bildfrage;Erkläre die dargestellte Feuerkennung und ihr zeitliches Verhalten.;Q / Fkl.: Funkelfeuer. Etwa 60 Lichterscheinungen pro Minute.;Die Lernskizze zeigt das zeitliche Prinzip, nicht die maßstäbliche Dauer einer konkreten Anlage.;bilder/praxis-0089_feuerarten_auf_seekarten.png;SeeSchStrO Anlage I, Vorbemerkung Feuer;https://www.gesetze-im-internet.de/seeschstro_1971/anlage_i.html
PRAXIS-0090;Feuerarten auf Seekarten;Schnelles Funkelfeuer;Ergänzendes Navigationstraining;Bildfrage;Erkläre die dargestellte Feuerkennung und ihr zeitliches Verhalten.;VQ / SFkl.: Schnelles Funkelfeuer. Etwa 100 bis 120 Lichterscheinungen pro Minute.;Die Lernskizze zeigt das zeitliche Prinzip, nicht die maßstäbliche Dauer einer konkreten Anlage.;bilder/praxis-0090_feuerarten_auf_seekarten.png;SeeSchStrO Anlage I, Vorbemerkung Feuer;https://www.gesetze-im-internet.de/seeschstro_1971/anlage_i.html
PRAXIS-0091;Feuerarten auf Seekarten;Gruppenblitzfeuer mit zwei Blitzen;Ergänzendes Navigationstraining;Bildfrage;Erkläre die dargestellte Feuerkennung und ihr zeitliches Verhalten.;Fl(2): Gruppenblitzfeuer mit zwei Blitzen. Zwei Blitze bilden eine regelmäßig wiederkehrende Gruppe.;Die Lernskizze zeigt das zeitliche Prinzip, nicht die maßstäbliche Dauer einer konkreten Anlage.;bilder/praxis-0091_feuerarten_auf_seekarten.png;SeeSchStrO Anlage I, Vorbemerkung Feuer;https://www.gesetze-im-internet.de/seeschstro_1971/anlage_i.html
PRAXIS-0092;Feuerarten auf Seekarten;Gruppenblitzfeuer mit drei Blitzen;Ergänzendes Navigationstraining;Bildfrage;Erkläre die dargestellte Feuerkennung und ihr zeitliches Verhalten.;Fl(3): Gruppenblitzfeuer mit drei Blitzen. Drei Blitze bilden eine regelmäßig wiederkehrende Gruppe.;Die Lernskizze zeigt das zeitliche Prinzip, nicht die maßstäbliche Dauer einer konkreten Anlage.;bilder/praxis-0092_feuerarten_auf_seekarten.png;SeeSchStrO Anlage I, Vorbemerkung Feuer;https://www.gesetze-im-internet.de/seeschstro_1971/anlage_i.html
PRAXIS-0093;Feuerarten auf Seekarten;Zusammengesetztes Gruppenblitzfeuer;Ergänzendes Navigationstraining;Bildfrage;Erkläre die dargestellte Feuerkennung und ihr zeitliches Verhalten.;"Fl(2+1): Zusammengesetztes Gruppenblitzfeuer. Zwei Blitze, Pause, ein Blitz; die Folge wiederholt sich.";Die Lernskizze zeigt das zeitliche Prinzip, nicht die maßstäbliche Dauer einer konkreten Anlage.;bilder/praxis-0093_feuerarten_auf_seekarten.png;SeeSchStrO Anlage I, Vorbemerkung Feuer;https://www.gesetze-im-internet.de/seeschstro_1971/anlage_i.html
PRAXIS-0094;Feuerarten auf Seekarten;Gruppen-Unterbrechungsfeuer;Ergänzendes Navigationstraining;Bildfrage;Erkläre die dargestellte Feuerkennung und ihr zeitliches Verhalten.;Oc(2): Gruppen-Unterbrechungsfeuer. Zwei Verdunkelungen bilden eine Gruppe.;Die Lernskizze zeigt das zeitliche Prinzip, nicht die maßstäbliche Dauer einer konkreten Anlage.;bilder/praxis-0094_feuerarten_auf_seekarten.png;SeeSchStrO Anlage I, Vorbemerkung Feuer;https://www.gesetze-im-internet.de/seeschstro_1971/anlage_i.html
PRAXIS-0095;Feuerarten auf Seekarten;Morsefeuer A;Ergänzendes Navigationstraining;Bildfrage;Erkläre die dargestellte Feuerkennung und ihr zeitliches Verhalten.;Mo(A): Morsefeuer A. Kurzer Lichtschein gefolgt von einem langen Lichtschein.;Die Lernskizze zeigt das zeitliche Prinzip, nicht die maßstäbliche Dauer einer konkreten Anlage.;bilder/praxis-0095_feuerarten_auf_seekarten.png;SeeSchStrO Anlage I, Vorbemerkung Feuer;https://www.gesetze-im-internet.de/seeschstro_1971/anlage_i.html
PRAXIS-0096;Feuerarten auf Seekarten;Wechselfeuer weiß/rot;Ergänzendes Navigationstraining;Bildfrage;Erkläre die dargestellte Feuerkennung und ihr zeitliches Verhalten.;Al.W.R.: Wechselfeuer weiß/rot. Die Lichtfarben wechseln in der angegebenen Reihenfolge.;Die Lernskizze zeigt das zeitliche Prinzip, nicht die maßstäbliche Dauer einer konkreten Anlage.;bilder/praxis-0096_feuerarten_auf_seekarten.png;SeeSchStrO Anlage I, Vorbemerkung Feuer;https://www.gesetze-im-internet.de/seeschstro_1971/anlage_i.html
PRAXIS-0097;Feuerarten auf Seekarten;Weißes Blitzfeuer mit zehn Sekunden Wiederkehr;Ergänzendes Navigationstraining;Bildfrage;Erkläre die dargestellte Feuerkennung und ihr zeitliches Verhalten.;Fl.W.10s: Weißes Blitzfeuer mit zehn Sekunden Wiederkehr. Kennung, Farbe und Wiederkehr werden gemeinsam gelesen.;Die Lernskizze zeigt das zeitliche Prinzip, nicht die maßstäbliche Dauer einer konkreten Anlage.;bilder/praxis-0097_feuerarten_auf_seekarten.png;SeeSchStrO Anlage I, Vorbemerkung Feuer;https://www.gesetze-im-internet.de/seeschstro_1971/anlage_i.html
PRAXIS-0098;Feuerarten auf Seekarten;Gruppenblitzfeuer mit Sektoren;Ergänzendes Navigationstraining;Bildfrage;Erkläre die dargestellte Feuerkennung und ihr zeitliches Verhalten.;"Fl(3)WRG.15s: Gruppenblitzfeuer mit Sektoren. Drei Blitze; Farbe hängt vom sichtbaren Sektor ab; Wiederkehr 15 Sekunden.";Die Lernskizze zeigt das zeitliche Prinzip, nicht die maßstäbliche Dauer einer konkreten Anlage.;bilder/praxis-0098_feuerarten_auf_seekarten.png;SeeSchStrO Anlage I, Vorbemerkung Feuer;https://www.gesetze-im-internet.de/seeschstro_1971/anlage_i.html
PRAXIS-0099;Sicherheit und Crew;Rettungsweste vor Fahrtbeginn;Ergänzendes Praxistraining;Situationsfrage;Welche sichere Vorgehensweise gilt bei „Rettungsweste vor Fahrtbeginn“?;Passende Größe, unbeschädigter Zustand, geschlossene Verschlüsse und korrekt eingestellte Gurte prüfen.;Diese Karte ergänzt den amtlichen Manöverkatalog um praktische Sicherheitsgrundsätze.;bilder/praxis-0099_sicherheit_und_crew.png;SpFV Anlage 4 und gute Seemannschaft;https://www.gesetze-im-internet.de/spfv/anlage_4.html
PRAXIS-0100;Sicherheit und Crew;Schrittgurt;Ergänzendes Praxistraining;Situationsfrage;Welche sichere Vorgehensweise gilt bei „Schrittgurt“?;Der Schrittgurt verhindert, dass die Rettungsweste beim Eintauchen über den Kopf rutscht.;Diese Karte ergänzt den amtlichen Manöverkatalog um praktische Sicherheitsgrundsätze.;bilder/praxis-0100_sicherheit_und_crew.png;SpFV Anlage 4 und gute Seemannschaft;https://www.gesetze-im-internet.de/spfv/anlage_4.html
PRAXIS-0101;Sicherheit und Crew;Quickstop/Notstopp;Ergänzendes Praxistraining;Situationsfrage;Welche sichere Vorgehensweise gilt bei „Quickstop/Notstopp“?;Bei offenen Motorbooten den Quickstop bestimmungsgemäß am Rudergänger befestigen.;Diese Karte ergänzt den amtlichen Manöverkatalog um praktische Sicherheitsgrundsätze.;bilder/praxis-0101_sicherheit_und_crew.png;SpFV Anlage 4 und gute Seemannschaft;https://www.gesetze-im-internet.de/spfv/anlage_4.html
PRAXIS-0102;Sicherheit und Crew;Propellergefahr;Ergänzendes Praxistraining;Situationsfrage;Welche sichere Vorgehensweise gilt bei „Propellergefahr“?;Vor der Personenaufnahme Antrieb so sichern, dass keine Verletzungsgefahr durch den Propeller besteht.;Diese Karte ergänzt den amtlichen Manöverkatalog um praktische Sicherheitsgrundsätze.;bilder/praxis-0102_sicherheit_und_crew.png;SpFV Anlage 4 und gute Seemannschaft;https://www.gesetze-im-internet.de/spfv/anlage_4.html
PRAXIS-0103;Sicherheit und Crew;Crew-Einweisung;Ergänzendes Praxistraining;Situationsfrage;Welche sichere Vorgehensweise gilt bei „Crew-Einweisung“?;Vor der Fahrt Rettungsmittel, Notstopp, Feuerlöscher, Leinen, Ausguck und Verhalten im Notfall erklären.;Diese Karte ergänzt den amtlichen Manöverkatalog um praktische Sicherheitsgrundsätze.;bilder/praxis-0103_sicherheit_und_crew.png;SpFV Anlage 4 und gute Seemannschaft;https://www.gesetze-im-internet.de/spfv/anlage_4.html
PRAXIS-0104;Sicherheit und Crew;Fender und Leinen;Ergänzendes Praxistraining;Situationsfrage;Welche sichere Vorgehensweise gilt bei „Fender und Leinen“?;Vor dem Manöver auf der richtigen Seite vorbereiten, Leinen klar führen und Hände/Füße nicht als Fender einsetzen.;Diese Karte ergänzt den amtlichen Manöverkatalog um praktische Sicherheitsgrundsätze.;bilder/praxis-0104_sicherheit_und_crew.png;SpFV Anlage 4 und gute Seemannschaft;https://www.gesetze-im-internet.de/spfv/anlage_4.html
PRAXIS-0105;Sicherheit und Crew;Wind und Strom;Ergänzendes Praxistraining;Situationsfrage;Welche sichere Vorgehensweise gilt bei „Wind und Strom“?;Vor jedem Hafenmanöver Richtung und Stärke beurteilen und den Manöverplan daran anpassen.;Diese Karte ergänzt den amtlichen Manöverkatalog um praktische Sicherheitsgrundsätze.;bilder/praxis-0105_sicherheit_und_crew.png;SpFV Anlage 4 und gute Seemannschaft;https://www.gesetze-im-internet.de/spfv/anlage_4.html
PRAXIS-0106;Sicherheit und Crew;Ausguck;Ergänzendes Praxistraining;Situationsfrage;Welche sichere Vorgehensweise gilt bei „Ausguck“?;Eine Person bestimmt beobachten lassen und klare Meldungen beziehungsweise Handzeichen vereinbaren.;Diese Karte ergänzt den amtlichen Manöverkatalog um praktische Sicherheitsgrundsätze.;bilder/praxis-0106_sicherheit_und_crew.png;SpFV Anlage 4 und gute Seemannschaft;https://www.gesetze-im-internet.de/spfv/anlage_4.html
PRAXIS-0107;Sicherheit und Crew;Kommandos;Ergänzendes Praxistraining;Situationsfrage;Welche sichere Vorgehensweise gilt bei „Kommandos“?;"Kommandos kurz, eindeutig und bestätigt geben; nur eine Person führt das Kommando.";Diese Karte ergänzt den amtlichen Manöverkatalog um praktische Sicherheitsgrundsätze.;bilder/praxis-0107_sicherheit_und_crew.png;SpFV Anlage 4 und gute Seemannschaft;https://www.gesetze-im-internet.de/spfv/anlage_4.html
PRAXIS-0108;Sicherheit und Crew;Abbruch eines Manövers;Ergänzendes Praxistraining;Situationsfrage;Welche sichere Vorgehensweise gilt bei „Abbruch eines Manövers“?;Bei unklarer oder gefährlicher Lage rechtzeitig abbrechen, Abstand gewinnen und neu ansetzen.;Diese Karte ergänzt den amtlichen Manöverkatalog um praktische Sicherheitsgrundsätze.;bilder/praxis-0108_sicherheit_und_crew.png;SpFV Anlage 4 und gute Seemannschaft;https://www.gesetze-im-internet.de/spfv/anlage_4.html
